-- Generated by scripts/import_tracker.py — re-runnable.
-- Order: equipment → part_catalog → installation_slot → part_lifecycle.

begin;

insert into public.equipment (equipment_id, display_name) values ('0938', 'C55 Equipment 0938') on conflict (equipment_id) do update set display_name = excluded.display_name;
insert into public.equipment (equipment_id, display_name) values ('0091', 'C55 Equipment 0091') on conflict (equipment_id) do update set display_name = excluded.display_name;
insert into public.equipment (equipment_id, display_name) values ('0198', 'C55 Equipment 0198') on conflict (equipment_id) do update set display_name = excluded.display_name;

insert into public.part_catalog (part_code, display_name, category, is_consumable, is_structural, expected_mtbf_minutes, inspection_threshold_min, failure_threshold_min, seal_life_low_min, seal_life_high_min) values ('ICVB', 'Inlet Check Valve Body', 'cluster', FALSE, FALSE, 10000, NULL, NULL, NULL, NULL) on conflict (part_code) do update set display_name = excluded.display_name, category = excluded.category, is_consumable = excluded.is_consumable, is_structural = excluded.is_structural, expected_mtbf_minutes = excluded.expected_mtbf_minutes, inspection_threshold_min = excluded.inspection_threshold_min, failure_threshold_min = excluded.failure_threshold_min, seal_life_low_min = excluded.seal_life_low_min, seal_life_high_min = excluded.seal_life_high_min;
insert into public.part_catalog (part_code, display_name, category, is_consumable, is_structural, expected_mtbf_minutes, inspection_threshold_min, failure_threshold_min, seal_life_low_min, seal_life_high_min) values ('HPT', 'High Pressure Tee', 'cluster', FALSE, TRUE, 9000, 2000, 2400, NULL, NULL) on conflict (part_code) do update set display_name = excluded.display_name, category = excluded.category, is_consumable = excluded.is_consumable, is_structural = excluded.is_structural, expected_mtbf_minutes = excluded.expected_mtbf_minutes, inspection_threshold_min = excluded.inspection_threshold_min, failure_threshold_min = excluded.failure_threshold_min, seal_life_low_min = excluded.seal_life_low_min, seal_life_high_min = excluded.seal_life_high_min;
insert into public.part_catalog (part_code, display_name, category, is_consumable, is_structural, expected_mtbf_minutes, inspection_threshold_min, failure_threshold_min, seal_life_low_min, seal_life_high_min) values ('OCVB', 'Outlet Check Valve Body', 'cluster', FALSE, FALSE, 11000, NULL, NULL, NULL, NULL) on conflict (part_code) do update set display_name = excluded.display_name, category = excluded.category, is_consumable = excluded.is_consumable, is_structural = excluded.is_structural, expected_mtbf_minutes = excluded.expected_mtbf_minutes, inspection_threshold_min = excluded.inspection_threshold_min, failure_threshold_min = excluded.failure_threshold_min, seal_life_low_min = excluded.seal_life_low_min, seal_life_high_min = excluded.seal_life_high_min;
insert into public.part_catalog (part_code, display_name, category, is_consumable, is_structural, expected_mtbf_minutes, inspection_threshold_min, failure_threshold_min, seal_life_low_min, seal_life_high_min) values ('ICVBS', 'Inlet Check Valve Ball Seat', 'cluster', TRUE, FALSE, 1000, NULL, NULL, 800, 1200) on conflict (part_code) do update set display_name = excluded.display_name, category = excluded.category, is_consumable = excluded.is_consumable, is_structural = excluded.is_structural, expected_mtbf_minutes = excluded.expected_mtbf_minutes, inspection_threshold_min = excluded.inspection_threshold_min, failure_threshold_min = excluded.failure_threshold_min, seal_life_low_min = excluded.seal_life_low_min, seal_life_high_min = excluded.seal_life_high_min;
insert into public.part_catalog (part_code, display_name, category, is_consumable, is_structural, expected_mtbf_minutes, inspection_threshold_min, failure_threshold_min, seal_life_low_min, seal_life_high_min) values ('OCVBS', 'Outlet Check Valve Ball Seat', 'cluster', TRUE, FALSE, 1000, NULL, NULL, 800, 1200) on conflict (part_code) do update set display_name = excluded.display_name, category = excluded.category, is_consumable = excluded.is_consumable, is_structural = excluded.is_structural, expected_mtbf_minutes = excluded.expected_mtbf_minutes, inspection_threshold_min = excluded.inspection_threshold_min, failure_threshold_min = excluded.failure_threshold_min, seal_life_low_min = excluded.seal_life_low_min, seal_life_high_min = excluded.seal_life_high_min;
insert into public.part_catalog (part_code, display_name, category, is_consumable, is_structural, expected_mtbf_minutes, inspection_threshold_min, failure_threshold_min, seal_life_low_min, seal_life_high_min) values ('CVBALL', 'Check Valve Ball', 'cluster', TRUE, FALSE, 1000, NULL, NULL, 800, 1200) on conflict (part_code) do update set display_name = excluded.display_name, category = excluded.category, is_consumable = excluded.is_consumable, is_structural = excluded.is_structural, expected_mtbf_minutes = excluded.expected_mtbf_minutes, inspection_threshold_min = excluded.inspection_threshold_min, failure_threshold_min = excluded.failure_threshold_min, seal_life_low_min = excluded.seal_life_low_min, seal_life_high_min = excluded.seal_life_high_min;
insert into public.part_catalog (part_code, display_name, category, is_consumable, is_structural, expected_mtbf_minutes, inspection_threshold_min, failure_threshold_min, seal_life_low_min, seal_life_high_min) values ('PLG', 'Plunger', 'pump', FALSE, FALSE, 8000, NULL, NULL, NULL, NULL) on conflict (part_code) do update set display_name = excluded.display_name, category = excluded.category, is_consumable = excluded.is_consumable, is_structural = excluded.is_structural, expected_mtbf_minutes = excluded.expected_mtbf_minutes, inspection_threshold_min = excluded.inspection_threshold_min, failure_threshold_min = excluded.failure_threshold_min, seal_life_low_min = excluded.seal_life_low_min, seal_life_high_min = excluded.seal_life_high_min;
insert into public.part_catalog (part_code, display_name, category, is_consumable, is_structural, expected_mtbf_minutes, inspection_threshold_min, failure_threshold_min, seal_life_low_min, seal_life_high_min) values ('BUS', 'Backup Support Seal (BUS)', 'pump', TRUE, FALSE, 1000, NULL, NULL, 800, 1200) on conflict (part_code) do update set display_name = excluded.display_name, category = excluded.category, is_consumable = excluded.is_consumable, is_structural = excluded.is_structural, expected_mtbf_minutes = excluded.expected_mtbf_minutes, inspection_threshold_min = excluded.inspection_threshold_min, failure_threshold_min = excluded.failure_threshold_min, seal_life_low_min = excluded.seal_life_low_min, seal_life_high_min = excluded.seal_life_high_min;
insert into public.part_catalog (part_code, display_name, category, is_consumable, is_structural, expected_mtbf_minutes, inspection_threshold_min, failure_threshold_min, seal_life_low_min, seal_life_high_min) values ('PB', 'Pump Body', 'pump', FALSE, TRUE, 15000, 12000, 14500, NULL, NULL) on conflict (part_code) do update set display_name = excluded.display_name, category = excluded.category, is_consumable = excluded.is_consumable, is_structural = excluded.is_structural, expected_mtbf_minutes = excluded.expected_mtbf_minutes, inspection_threshold_min = excluded.inspection_threshold_min, failure_threshold_min = excluded.failure_threshold_min, seal_life_low_min = excluded.seal_life_low_min, seal_life_high_min = excluded.seal_life_high_min;
insert into public.part_catalog (part_code, display_name, category, is_consumable, is_structural, expected_mtbf_minutes, inspection_threshold_min, failure_threshold_min, seal_life_low_min, seal_life_high_min) values ('CVBSPB', 'Check Valve Ball Seat (Pump Body)', 'pump', TRUE, FALSE, 1000, NULL, NULL, 800, 1200) on conflict (part_code) do update set display_name = excluded.display_name, category = excluded.category, is_consumable = excluded.is_consumable, is_structural = excluded.is_structural, expected_mtbf_minutes = excluded.expected_mtbf_minutes, inspection_threshold_min = excluded.inspection_threshold_min, failure_threshold_min = excluded.failure_threshold_min, seal_life_low_min = excluded.seal_life_low_min, seal_life_high_min = excluded.seal_life_high_min;
insert into public.part_catalog (part_code, display_name, category, is_consumable, is_structural, expected_mtbf_minutes, inspection_threshold_min, failure_threshold_min, seal_life_low_min, seal_life_high_min) values ('SPRING', 'Check Valve Spring', 'cluster', TRUE, FALSE, 1000, NULL, NULL, 800, 1200) on conflict (part_code) do update set display_name = excluded.display_name, category = excluded.category, is_consumable = excluded.is_consumable, is_structural = excluded.is_structural, expected_mtbf_minutes = excluded.expected_mtbf_minutes, inspection_threshold_min = excluded.inspection_threshold_min, failure_threshold_min = excluded.failure_threshold_min, seal_life_low_min = excluded.seal_life_low_min, seal_life_high_min = excluded.seal_life_high_min;
insert into public.part_catalog (part_code, display_name, category, is_consumable, is_structural, expected_mtbf_minutes, inspection_threshold_min, failure_threshold_min, seal_life_low_min, seal_life_high_min) values ('HVB', 'Homogenizing Valve Body', 'homogenizer', FALSE, FALSE, 12000, NULL, NULL, NULL, NULL) on conflict (part_code) do update set display_name = excluded.display_name, category = excluded.category, is_consumable = excluded.is_consumable, is_structural = excluded.is_structural, expected_mtbf_minutes = excluded.expected_mtbf_minutes, inspection_threshold_min = excluded.inspection_threshold_min, failure_threshold_min = excluded.failure_threshold_min, seal_life_low_min = excluded.seal_life_low_min, seal_life_high_min = excluded.seal_life_high_min;
insert into public.part_catalog (part_code, display_name, category, is_consumable, is_structural, expected_mtbf_minutes, inspection_threshold_min, failure_threshold_min, seal_life_low_min, seal_life_high_min) values ('CSEAT', 'Ceramic Seat', 'homogenizer', FALSE, FALSE, 6000, NULL, NULL, NULL, NULL) on conflict (part_code) do update set display_name = excluded.display_name, category = excluded.category, is_consumable = excluded.is_consumable, is_structural = excluded.is_structural, expected_mtbf_minutes = excluded.expected_mtbf_minutes, inspection_threshold_min = excluded.inspection_threshold_min, failure_threshold_min = excluded.failure_threshold_min, seal_life_low_min = excluded.seal_life_low_min, seal_life_high_min = excluded.seal_life_high_min;
insert into public.part_catalog (part_code, display_name, category, is_consumable, is_structural, expected_mtbf_minutes, inspection_threshold_min, failure_threshold_min, seal_life_low_min, seal_life_high_min) values ('IR', 'Impact Ring', 'homogenizer', FALSE, FALSE, 6000, NULL, NULL, NULL, NULL) on conflict (part_code) do update set display_name = excluded.display_name, category = excluded.category, is_consumable = excluded.is_consumable, is_structural = excluded.is_structural, expected_mtbf_minutes = excluded.expected_mtbf_minutes, inspection_threshold_min = excluded.inspection_threshold_min, failure_threshold_min = excluded.failure_threshold_min, seal_life_low_min = excluded.seal_life_low_min, seal_life_high_min = excluded.seal_life_high_min;
insert into public.part_catalog (part_code, display_name, category, is_consumable, is_structural, expected_mtbf_minutes, inspection_threshold_min, failure_threshold_min, seal_life_low_min, seal_life_high_min) values ('CSTEM', 'Ceramic Stem', 'homogenizer', FALSE, FALSE, 6000, NULL, NULL, NULL, NULL) on conflict (part_code) do update set display_name = excluded.display_name, category = excluded.category, is_consumable = excluded.is_consumable, is_structural = excluded.is_structural, expected_mtbf_minutes = excluded.expected_mtbf_minutes, inspection_threshold_min = excluded.inspection_threshold_min, failure_threshold_min = excluded.failure_threshold_min, seal_life_low_min = excluded.seal_life_low_min, seal_life_high_min = excluded.seal_life_high_min;
insert into public.part_catalog (part_code, display_name, category, is_consumable, is_structural, expected_mtbf_minutes, inspection_threshold_min, failure_threshold_min, seal_life_low_min, seal_life_high_min) values ('OM', 'Outlet Manifold', 'manifold', FALSE, TRUE, 18000, 14000, 17000, NULL, NULL) on conflict (part_code) do update set display_name = excluded.display_name, category = excluded.category, is_consumable = excluded.is_consumable, is_structural = excluded.is_structural, expected_mtbf_minutes = excluded.expected_mtbf_minutes, inspection_threshold_min = excluded.inspection_threshold_min, failure_threshold_min = excluded.failure_threshold_min, seal_life_low_min = excluded.seal_life_low_min, seal_life_high_min = excluded.seal_life_high_min;
insert into public.part_catalog (part_code, display_name, category, is_consumable, is_structural, expected_mtbf_minutes, inspection_threshold_min, failure_threshold_min, seal_life_low_min, seal_life_high_min) values ('TR', 'Transducer', 'instrument', FALSE, FALSE, 20000, NULL, NULL, NULL, NULL) on conflict (part_code) do update set display_name = excluded.display_name, category = excluded.category, is_consumable = excluded.is_consumable, is_structural = excluded.is_structural, expected_mtbf_minutes = excluded.expected_mtbf_minutes, inspection_threshold_min = excluded.inspection_threshold_min, failure_threshold_min = excluded.failure_threshold_min, seal_life_low_min = excluded.seal_life_low_min, seal_life_high_min = excluded.seal_life_high_min;

insert into public.installation_slot (installation_id, equipment_id, part_code, zone, orientation, slot_index, sequence_order) values ('0938_H1', '0938', 'HVB', 'homogenizer', 'center', 1, 401) on conflict (installation_id) do update set equipment_id = excluded.equipment_id, part_code = excluded.part_code, zone = excluded.zone, orientation = excluded.orientation, slot_index = excluded.slot_index, sequence_order = excluded.sequence_order;
insert into public.installation_slot (installation_id, equipment_id, part_code, zone, orientation, slot_index, sequence_order) values ('0938_MC2', '0938', 'HPT', 'cluster', 'middle', 2, 112) on conflict (installation_id) do update set equipment_id = excluded.equipment_id, part_code = excluded.part_code, zone = excluded.zone, orientation = excluded.orientation, slot_index = excluded.slot_index, sequence_order = excluded.sequence_order;
insert into public.installation_slot (installation_id, equipment_id, part_code, zone, orientation, slot_index, sequence_order) values ('0938_MP2', '0938', 'BUS', 'pump', 'middle', 2, 212) on conflict (installation_id) do update set equipment_id = excluded.equipment_id, part_code = excluded.part_code, zone = excluded.zone, orientation = excluded.orientation, slot_index = excluded.slot_index, sequence_order = excluded.sequence_order;
insert into public.installation_slot (installation_id, equipment_id, part_code, zone, orientation, slot_index, sequence_order) values ('0938_RP3', '0938', 'PB', 'pump', 'right', 3, 223) on conflict (installation_id) do update set equipment_id = excluded.equipment_id, part_code = excluded.part_code, zone = excluded.zone, orientation = excluded.orientation, slot_index = excluded.slot_index, sequence_order = excluded.sequence_order;
insert into public.installation_slot (installation_id, equipment_id, part_code, zone, orientation, slot_index, sequence_order) values ('0091_H4', '0091', 'CSTEM', 'homogenizer', 'center', 4, 404) on conflict (installation_id) do update set equipment_id = excluded.equipment_id, part_code = excluded.part_code, zone = excluded.zone, orientation = excluded.orientation, slot_index = excluded.slot_index, sequence_order = excluded.sequence_order;
insert into public.installation_slot (installation_id, equipment_id, part_code, zone, orientation, slot_index, sequence_order) values ('0091_H3', '0091', 'IR', 'homogenizer', 'center', 3, 403) on conflict (installation_id) do update set equipment_id = excluded.equipment_id, part_code = excluded.part_code, zone = excluded.zone, orientation = excluded.orientation, slot_index = excluded.slot_index, sequence_order = excluded.sequence_order;
insert into public.installation_slot (installation_id, equipment_id, part_code, zone, orientation, slot_index, sequence_order) values ('0938_LC2', '0938', 'HPT', 'cluster', 'left', 2, 102) on conflict (installation_id) do update set equipment_id = excluded.equipment_id, part_code = excluded.part_code, zone = excluded.zone, orientation = excluded.orientation, slot_index = excluded.slot_index, sequence_order = excluded.sequence_order;
insert into public.installation_slot (installation_id, equipment_id, part_code, zone, orientation, slot_index, sequence_order) values ('0091_MP3', '0091', 'PB', 'pump', 'middle', 3, 213) on conflict (installation_id) do update set equipment_id = excluded.equipment_id, part_code = excluded.part_code, zone = excluded.zone, orientation = excluded.orientation, slot_index = excluded.slot_index, sequence_order = excluded.sequence_order;
insert into public.installation_slot (installation_id, equipment_id, part_code, zone, orientation, slot_index, sequence_order) values ('0938_MC1', '0938', 'ICVB', 'cluster', 'middle', 1, 111) on conflict (installation_id) do update set equipment_id = excluded.equipment_id, part_code = excluded.part_code, zone = excluded.zone, orientation = excluded.orientation, slot_index = excluded.slot_index, sequence_order = excluded.sequence_order;
insert into public.installation_slot (installation_id, equipment_id, part_code, zone, orientation, slot_index, sequence_order) values ('0938_LC1', '0938', 'ICVB', 'cluster', 'left', 1, 101) on conflict (installation_id) do update set equipment_id = excluded.equipment_id, part_code = excluded.part_code, zone = excluded.zone, orientation = excluded.orientation, slot_index = excluded.slot_index, sequence_order = excluded.sequence_order;
insert into public.installation_slot (installation_id, equipment_id, part_code, zone, orientation, slot_index, sequence_order) values ('0938_RC2', '0938', 'HPT', 'cluster', 'right', 2, 122) on conflict (installation_id) do update set equipment_id = excluded.equipment_id, part_code = excluded.part_code, zone = excluded.zone, orientation = excluded.orientation, slot_index = excluded.slot_index, sequence_order = excluded.sequence_order;
insert into public.installation_slot (installation_id, equipment_id, part_code, zone, orientation, slot_index, sequence_order) values ('0198_H4', '0198', 'CSTEM', 'homogenizer', 'center', 4, 404) on conflict (installation_id) do update set equipment_id = excluded.equipment_id, part_code = excluded.part_code, zone = excluded.zone, orientation = excluded.orientation, slot_index = excluded.slot_index, sequence_order = excluded.sequence_order;
insert into public.installation_slot (installation_id, equipment_id, part_code, zone, orientation, slot_index, sequence_order) values ('0198_H1', '0198', 'HVB', 'homogenizer', 'center', 1, 401) on conflict (installation_id) do update set equipment_id = excluded.equipment_id, part_code = excluded.part_code, zone = excluded.zone, orientation = excluded.orientation, slot_index = excluded.slot_index, sequence_order = excluded.sequence_order;
insert into public.installation_slot (installation_id, equipment_id, part_code, zone, orientation, slot_index, sequence_order) values ('0198_H3', '0198', 'IR', 'homogenizer', 'center', 3, 403) on conflict (installation_id) do update set equipment_id = excluded.equipment_id, part_code = excluded.part_code, zone = excluded.zone, orientation = excluded.orientation, slot_index = excluded.slot_index, sequence_order = excluded.sequence_order;
insert into public.installation_slot (installation_id, equipment_id, part_code, zone, orientation, slot_index, sequence_order) values ('0198_MC3', '0198', 'OCVB', 'cluster', 'middle', 3, 113) on conflict (installation_id) do update set equipment_id = excluded.equipment_id, part_code = excluded.part_code, zone = excluded.zone, orientation = excluded.orientation, slot_index = excluded.slot_index, sequence_order = excluded.sequence_order;
insert into public.installation_slot (installation_id, equipment_id, part_code, zone, orientation, slot_index, sequence_order) values ('0198_MC1', '0198', 'ICVB', 'cluster', 'middle', 1, 111) on conflict (installation_id) do update set equipment_id = excluded.equipment_id, part_code = excluded.part_code, zone = excluded.zone, orientation = excluded.orientation, slot_index = excluded.slot_index, sequence_order = excluded.sequence_order;
insert into public.installation_slot (installation_id, equipment_id, part_code, zone, orientation, slot_index, sequence_order) values ('0198_MC4', '0198', 'ICVBS', 'cluster', 'middle', 4, 114) on conflict (installation_id) do update set equipment_id = excluded.equipment_id, part_code = excluded.part_code, zone = excluded.zone, orientation = excluded.orientation, slot_index = excluded.slot_index, sequence_order = excluded.sequence_order;
insert into public.installation_slot (installation_id, equipment_id, part_code, zone, orientation, slot_index, sequence_order) values ('0938_LC3', '0938', 'OCVB', 'cluster', 'left', 3, 103) on conflict (installation_id) do update set equipment_id = excluded.equipment_id, part_code = excluded.part_code, zone = excluded.zone, orientation = excluded.orientation, slot_index = excluded.slot_index, sequence_order = excluded.sequence_order;
insert into public.installation_slot (installation_id, equipment_id, part_code, zone, orientation, slot_index, sequence_order) values ('0198_LC4', '0198', 'ICVBS', 'cluster', 'left', 4, 104) on conflict (installation_id) do update set equipment_id = excluded.equipment_id, part_code = excluded.part_code, zone = excluded.zone, orientation = excluded.orientation, slot_index = excluded.slot_index, sequence_order = excluded.sequence_order;
insert into public.installation_slot (installation_id, equipment_id, part_code, zone, orientation, slot_index, sequence_order) values ('0198_LC5', '0198', 'OCVBS', 'cluster', 'left', 5, 105) on conflict (installation_id) do update set equipment_id = excluded.equipment_id, part_code = excluded.part_code, zone = excluded.zone, orientation = excluded.orientation, slot_index = excluded.slot_index, sequence_order = excluded.sequence_order;
insert into public.installation_slot (installation_id, equipment_id, part_code, zone, orientation, slot_index, sequence_order) values ('0198_LP2', '0198', 'BUS', 'pump', 'left', 2, 202) on conflict (installation_id) do update set equipment_id = excluded.equipment_id, part_code = excluded.part_code, zone = excluded.zone, orientation = excluded.orientation, slot_index = excluded.slot_index, sequence_order = excluded.sequence_order;
insert into public.installation_slot (installation_id, equipment_id, part_code, zone, orientation, slot_index, sequence_order) values ('0091_H1', '0091', 'HVB', 'homogenizer', 'center', 1, 401) on conflict (installation_id) do update set equipment_id = excluded.equipment_id, part_code = excluded.part_code, zone = excluded.zone, orientation = excluded.orientation, slot_index = excluded.slot_index, sequence_order = excluded.sequence_order;
insert into public.installation_slot (installation_id, equipment_id, part_code, zone, orientation, slot_index, sequence_order) values ('0198_MC5', '0198', 'OCVBS', 'cluster', 'middle', 5, 115) on conflict (installation_id) do update set equipment_id = excluded.equipment_id, part_code = excluded.part_code, zone = excluded.zone, orientation = excluded.orientation, slot_index = excluded.slot_index, sequence_order = excluded.sequence_order;
insert into public.installation_slot (installation_id, equipment_id, part_code, zone, orientation, slot_index, sequence_order) values ('0198_MP2', '0198', 'BUS', 'pump', 'middle', 2, 212) on conflict (installation_id) do update set equipment_id = excluded.equipment_id, part_code = excluded.part_code, zone = excluded.zone, orientation = excluded.orientation, slot_index = excluded.slot_index, sequence_order = excluded.sequence_order;
insert into public.installation_slot (installation_id, equipment_id, part_code, zone, orientation, slot_index, sequence_order) values ('0091_LP3', '0091', 'PB', 'pump', 'left', 3, 203) on conflict (installation_id) do update set equipment_id = excluded.equipment_id, part_code = excluded.part_code, zone = excluded.zone, orientation = excluded.orientation, slot_index = excluded.slot_index, sequence_order = excluded.sequence_order;
insert into public.installation_slot (installation_id, equipment_id, part_code, zone, orientation, slot_index, sequence_order) values ('0198_O', '0198', 'OM', 'manifold', 'center', NULL, 300) on conflict (installation_id) do update set equipment_id = excluded.equipment_id, part_code = excluded.part_code, zone = excluded.zone, orientation = excluded.orientation, slot_index = excluded.slot_index, sequence_order = excluded.sequence_order;
insert into public.installation_slot (installation_id, equipment_id, part_code, zone, orientation, slot_index, sequence_order) values ('0938_RC3', '0938', 'OCVB', 'cluster', 'right', 3, 123) on conflict (installation_id) do update set equipment_id = excluded.equipment_id, part_code = excluded.part_code, zone = excluded.zone, orientation = excluded.orientation, slot_index = excluded.slot_index, sequence_order = excluded.sequence_order;
insert into public.installation_slot (installation_id, equipment_id, part_code, zone, orientation, slot_index, sequence_order) values ('0938_MC3', '0938', 'OCVB', 'cluster', 'middle', 3, 113) on conflict (installation_id) do update set equipment_id = excluded.equipment_id, part_code = excluded.part_code, zone = excluded.zone, orientation = excluded.orientation, slot_index = excluded.slot_index, sequence_order = excluded.sequence_order;
insert into public.installation_slot (installation_id, equipment_id, part_code, zone, orientation, slot_index, sequence_order) values ('0198_RC4', '0198', 'ICVBS', 'cluster', 'right', 4, 124) on conflict (installation_id) do update set equipment_id = excluded.equipment_id, part_code = excluded.part_code, zone = excluded.zone, orientation = excluded.orientation, slot_index = excluded.slot_index, sequence_order = excluded.sequence_order;
insert into public.installation_slot (installation_id, equipment_id, part_code, zone, orientation, slot_index, sequence_order) values ('0198_RC5', '0198', 'OCVBS', 'cluster', 'right', 5, 125) on conflict (installation_id) do update set equipment_id = excluded.equipment_id, part_code = excluded.part_code, zone = excluded.zone, orientation = excluded.orientation, slot_index = excluded.slot_index, sequence_order = excluded.sequence_order;
insert into public.installation_slot (installation_id, equipment_id, part_code, zone, orientation, slot_index, sequence_order) values ('0198_RP2', '0198', 'BUS', 'pump', 'right', 2, 222) on conflict (installation_id) do update set equipment_id = excluded.equipment_id, part_code = excluded.part_code, zone = excluded.zone, orientation = excluded.orientation, slot_index = excluded.slot_index, sequence_order = excluded.sequence_order;
insert into public.installation_slot (installation_id, equipment_id, part_code, zone, orientation, slot_index, sequence_order) values ('0938_H4', '0938', 'CSTEM', 'homogenizer', 'center', 4, 404) on conflict (installation_id) do update set equipment_id = excluded.equipment_id, part_code = excluded.part_code, zone = excluded.zone, orientation = excluded.orientation, slot_index = excluded.slot_index, sequence_order = excluded.sequence_order;
insert into public.installation_slot (installation_id, equipment_id, part_code, zone, orientation, slot_index, sequence_order) values ('0938_H3', '0938', 'IR', 'homogenizer', 'center', 3, 403) on conflict (installation_id) do update set equipment_id = excluded.equipment_id, part_code = excluded.part_code, zone = excluded.zone, orientation = excluded.orientation, slot_index = excluded.slot_index, sequence_order = excluded.sequence_order;
insert into public.installation_slot (installation_id, equipment_id, part_code, zone, orientation, slot_index, sequence_order) values ('0091_RP3', '0091', 'PB', 'pump', 'right', 3, 223) on conflict (installation_id) do update set equipment_id = excluded.equipment_id, part_code = excluded.part_code, zone = excluded.zone, orientation = excluded.orientation, slot_index = excluded.slot_index, sequence_order = excluded.sequence_order;
insert into public.installation_slot (installation_id, equipment_id, part_code, zone, orientation, slot_index, sequence_order) values ('0938_MP4', '0938', 'CVBSPB', 'pump', 'middle', 4, 214) on conflict (installation_id) do update set equipment_id = excluded.equipment_id, part_code = excluded.part_code, zone = excluded.zone, orientation = excluded.orientation, slot_index = excluded.slot_index, sequence_order = excluded.sequence_order;
insert into public.installation_slot (installation_id, equipment_id, part_code, zone, orientation, slot_index, sequence_order) values ('0198_LP3', '0198', 'PB', 'pump', 'left', 3, 203) on conflict (installation_id) do update set equipment_id = excluded.equipment_id, part_code = excluded.part_code, zone = excluded.zone, orientation = excluded.orientation, slot_index = excluded.slot_index, sequence_order = excluded.sequence_order;
insert into public.installation_slot (installation_id, equipment_id, part_code, zone, orientation, slot_index, sequence_order) values ('0091_RC1', '0091', 'ICVB', 'cluster', 'right', 1, 121) on conflict (installation_id) do update set equipment_id = excluded.equipment_id, part_code = excluded.part_code, zone = excluded.zone, orientation = excluded.orientation, slot_index = excluded.slot_index, sequence_order = excluded.sequence_order;
insert into public.installation_slot (installation_id, equipment_id, part_code, zone, orientation, slot_index, sequence_order) values ('0198_MP3', '0198', 'PB', 'pump', 'middle', 3, 213) on conflict (installation_id) do update set equipment_id = excluded.equipment_id, part_code = excluded.part_code, zone = excluded.zone, orientation = excluded.orientation, slot_index = excluded.slot_index, sequence_order = excluded.sequence_order;
insert into public.installation_slot (installation_id, equipment_id, part_code, zone, orientation, slot_index, sequence_order) values ('0198_LC1', '0198', 'ICVB', 'cluster', 'left', 1, 101) on conflict (installation_id) do update set equipment_id = excluded.equipment_id, part_code = excluded.part_code, zone = excluded.zone, orientation = excluded.orientation, slot_index = excluded.slot_index, sequence_order = excluded.sequence_order;
insert into public.installation_slot (installation_id, equipment_id, part_code, zone, orientation, slot_index, sequence_order) values ('0198_LC3', '0198', 'OCVB', 'cluster', 'left', 3, 103) on conflict (installation_id) do update set equipment_id = excluded.equipment_id, part_code = excluded.part_code, zone = excluded.zone, orientation = excluded.orientation, slot_index = excluded.slot_index, sequence_order = excluded.sequence_order;
insert into public.installation_slot (installation_id, equipment_id, part_code, zone, orientation, slot_index, sequence_order) values ('0091_LC1', '0091', 'ICVB', 'cluster', 'left', 1, 101) on conflict (installation_id) do update set equipment_id = excluded.equipment_id, part_code = excluded.part_code, zone = excluded.zone, orientation = excluded.orientation, slot_index = excluded.slot_index, sequence_order = excluded.sequence_order;
insert into public.installation_slot (installation_id, equipment_id, part_code, zone, orientation, slot_index, sequence_order) values ('0938_H2', '0938', 'CSEAT', 'homogenizer', 'center', 2, 402) on conflict (installation_id) do update set equipment_id = excluded.equipment_id, part_code = excluded.part_code, zone = excluded.zone, orientation = excluded.orientation, slot_index = excluded.slot_index, sequence_order = excluded.sequence_order;
insert into public.installation_slot (installation_id, equipment_id, part_code, zone, orientation, slot_index, sequence_order) values ('0938_LP2', '0938', 'BUS', 'pump', 'left', 2, 202) on conflict (installation_id) do update set equipment_id = excluded.equipment_id, part_code = excluded.part_code, zone = excluded.zone, orientation = excluded.orientation, slot_index = excluded.slot_index, sequence_order = excluded.sequence_order;
insert into public.installation_slot (installation_id, equipment_id, part_code, zone, orientation, slot_index, sequence_order) values ('0938_RP2', '0938', 'BUS', 'pump', 'right', 2, 222) on conflict (installation_id) do update set equipment_id = excluded.equipment_id, part_code = excluded.part_code, zone = excluded.zone, orientation = excluded.orientation, slot_index = excluded.slot_index, sequence_order = excluded.sequence_order;
insert into public.installation_slot (installation_id, equipment_id, part_code, zone, orientation, slot_index, sequence_order) values ('0198_RC1', '0198', 'ICVB', 'cluster', 'right', 1, 121) on conflict (installation_id) do update set equipment_id = excluded.equipment_id, part_code = excluded.part_code, zone = excluded.zone, orientation = excluded.orientation, slot_index = excluded.slot_index, sequence_order = excluded.sequence_order;
insert into public.installation_slot (installation_id, equipment_id, part_code, zone, orientation, slot_index, sequence_order) values ('0198_RC3', '0198', 'OCVB', 'cluster', 'right', 3, 123) on conflict (installation_id) do update set equipment_id = excluded.equipment_id, part_code = excluded.part_code, zone = excluded.zone, orientation = excluded.orientation, slot_index = excluded.slot_index, sequence_order = excluded.sequence_order;
insert into public.installation_slot (installation_id, equipment_id, part_code, zone, orientation, slot_index, sequence_order) values ('0938_LC4', '0938', 'ICVBS', 'cluster', 'left', 4, 104) on conflict (installation_id) do update set equipment_id = excluded.equipment_id, part_code = excluded.part_code, zone = excluded.zone, orientation = excluded.orientation, slot_index = excluded.slot_index, sequence_order = excluded.sequence_order;
insert into public.installation_slot (installation_id, equipment_id, part_code, zone, orientation, slot_index, sequence_order) values ('0938_LC5', '0938', 'OCVBS', 'cluster', 'left', 5, 105) on conflict (installation_id) do update set equipment_id = excluded.equipment_id, part_code = excluded.part_code, zone = excluded.zone, orientation = excluded.orientation, slot_index = excluded.slot_index, sequence_order = excluded.sequence_order;
insert into public.installation_slot (installation_id, equipment_id, part_code, zone, orientation, slot_index, sequence_order) values ('0938_RC4', '0938', 'ICVBS', 'cluster', 'right', 4, 124) on conflict (installation_id) do update set equipment_id = excluded.equipment_id, part_code = excluded.part_code, zone = excluded.zone, orientation = excluded.orientation, slot_index = excluded.slot_index, sequence_order = excluded.sequence_order;
insert into public.installation_slot (installation_id, equipment_id, part_code, zone, orientation, slot_index, sequence_order) values ('0938_RC5', '0938', 'OCVBS', 'cluster', 'right', 5, 125) on conflict (installation_id) do update set equipment_id = excluded.equipment_id, part_code = excluded.part_code, zone = excluded.zone, orientation = excluded.orientation, slot_index = excluded.slot_index, sequence_order = excluded.sequence_order;
insert into public.installation_slot (installation_id, equipment_id, part_code, zone, orientation, slot_index, sequence_order) values ('0091_RC2', '0091', 'HPT', 'cluster', 'right', 2, 122) on conflict (installation_id) do update set equipment_id = excluded.equipment_id, part_code = excluded.part_code, zone = excluded.zone, orientation = excluded.orientation, slot_index = excluded.slot_index, sequence_order = excluded.sequence_order;
insert into public.installation_slot (installation_id, equipment_id, part_code, zone, orientation, slot_index, sequence_order) values ('0091_MC2', '0091', 'HPT', 'cluster', 'middle', 2, 112) on conflict (installation_id) do update set equipment_id = excluded.equipment_id, part_code = excluded.part_code, zone = excluded.zone, orientation = excluded.orientation, slot_index = excluded.slot_index, sequence_order = excluded.sequence_order;
insert into public.installation_slot (installation_id, equipment_id, part_code, zone, orientation, slot_index, sequence_order) values ('0091_LC2', '0091', 'HPT', 'cluster', 'left', 2, 102) on conflict (installation_id) do update set equipment_id = excluded.equipment_id, part_code = excluded.part_code, zone = excluded.zone, orientation = excluded.orientation, slot_index = excluded.slot_index, sequence_order = excluded.sequence_order;
insert into public.installation_slot (installation_id, equipment_id, part_code, zone, orientation, slot_index, sequence_order) values ('0938_MC5', '0938', 'OCVBS', 'cluster', 'middle', 5, 115) on conflict (installation_id) do update set equipment_id = excluded.equipment_id, part_code = excluded.part_code, zone = excluded.zone, orientation = excluded.orientation, slot_index = excluded.slot_index, sequence_order = excluded.sequence_order;
insert into public.installation_slot (installation_id, equipment_id, part_code, zone, orientation, slot_index, sequence_order) values ('0091_LP1', '0091', 'PLG', 'pump', 'left', 1, 201) on conflict (installation_id) do update set equipment_id = excluded.equipment_id, part_code = excluded.part_code, zone = excluded.zone, orientation = excluded.orientation, slot_index = excluded.slot_index, sequence_order = excluded.sequence_order;
insert into public.installation_slot (installation_id, equipment_id, part_code, zone, orientation, slot_index, sequence_order) values ('0091_MP1', '0091', 'PLG', 'pump', 'middle', 1, 211) on conflict (installation_id) do update set equipment_id = excluded.equipment_id, part_code = excluded.part_code, zone = excluded.zone, orientation = excluded.orientation, slot_index = excluded.slot_index, sequence_order = excluded.sequence_order;
insert into public.installation_slot (installation_id, equipment_id, part_code, zone, orientation, slot_index, sequence_order) values ('0091_LC3', '0091', 'OCVB', 'cluster', 'left', 3, 103) on conflict (installation_id) do update set equipment_id = excluded.equipment_id, part_code = excluded.part_code, zone = excluded.zone, orientation = excluded.orientation, slot_index = excluded.slot_index, sequence_order = excluded.sequence_order;
insert into public.installation_slot (installation_id, equipment_id, part_code, zone, orientation, slot_index, sequence_order) values ('0091_MC1', '0091', 'ICVB', 'cluster', 'middle', 1, 111) on conflict (installation_id) do update set equipment_id = excluded.equipment_id, part_code = excluded.part_code, zone = excluded.zone, orientation = excluded.orientation, slot_index = excluded.slot_index, sequence_order = excluded.sequence_order;
insert into public.installation_slot (installation_id, equipment_id, part_code, zone, orientation, slot_index, sequence_order) values ('0091_RP1', '0091', 'PLG', 'pump', 'right', 1, 221) on conflict (installation_id) do update set equipment_id = excluded.equipment_id, part_code = excluded.part_code, zone = excluded.zone, orientation = excluded.orientation, slot_index = excluded.slot_index, sequence_order = excluded.sequence_order;
insert into public.installation_slot (installation_id, equipment_id, part_code, zone, orientation, slot_index, sequence_order) values ('0091_H2', '0091', 'CSEAT', 'homogenizer', 'center', 2, 402) on conflict (installation_id) do update set equipment_id = excluded.equipment_id, part_code = excluded.part_code, zone = excluded.zone, orientation = excluded.orientation, slot_index = excluded.slot_index, sequence_order = excluded.sequence_order;
insert into public.installation_slot (installation_id, equipment_id, part_code, zone, orientation, slot_index, sequence_order) values ('0198_RP3', '0198', 'PB', 'pump', 'right', 3, 223) on conflict (installation_id) do update set equipment_id = excluded.equipment_id, part_code = excluded.part_code, zone = excluded.zone, orientation = excluded.orientation, slot_index = excluded.slot_index, sequence_order = excluded.sequence_order;
insert into public.installation_slot (installation_id, equipment_id, part_code, zone, orientation, slot_index, sequence_order) values ('0938_RC1', '0938', 'ICVB', 'cluster', 'right', 1, 121) on conflict (installation_id) do update set equipment_id = excluded.equipment_id, part_code = excluded.part_code, zone = excluded.zone, orientation = excluded.orientation, slot_index = excluded.slot_index, sequence_order = excluded.sequence_order;
insert into public.installation_slot (installation_id, equipment_id, part_code, zone, orientation, slot_index, sequence_order) values ('0091_LC4', '0091', 'ICVBS', 'cluster', 'left', 4, 104) on conflict (installation_id) do update set equipment_id = excluded.equipment_id, part_code = excluded.part_code, zone = excluded.zone, orientation = excluded.orientation, slot_index = excluded.slot_index, sequence_order = excluded.sequence_order;
insert into public.installation_slot (installation_id, equipment_id, part_code, zone, orientation, slot_index, sequence_order) values ('0091_RC4', '0091', 'ICVBS', 'cluster', 'right', 4, 124) on conflict (installation_id) do update set equipment_id = excluded.equipment_id, part_code = excluded.part_code, zone = excluded.zone, orientation = excluded.orientation, slot_index = excluded.slot_index, sequence_order = excluded.sequence_order;
insert into public.installation_slot (installation_id, equipment_id, part_code, zone, orientation, slot_index, sequence_order) values ('0938_MP1', '0938', 'PLG', 'pump', 'middle', 1, 211) on conflict (installation_id) do update set equipment_id = excluded.equipment_id, part_code = excluded.part_code, zone = excluded.zone, orientation = excluded.orientation, slot_index = excluded.slot_index, sequence_order = excluded.sequence_order;
insert into public.installation_slot (installation_id, equipment_id, part_code, zone, orientation, slot_index, sequence_order) values ('0938_MP3', '0938', 'PB', 'pump', 'middle', 3, 213) on conflict (installation_id) do update set equipment_id = excluded.equipment_id, part_code = excluded.part_code, zone = excluded.zone, orientation = excluded.orientation, slot_index = excluded.slot_index, sequence_order = excluded.sequence_order;
insert into public.installation_slot (installation_id, equipment_id, part_code, zone, orientation, slot_index, sequence_order) values ('0198_MC2', '0198', 'HPT', 'cluster', 'middle', 2, 112) on conflict (installation_id) do update set equipment_id = excluded.equipment_id, part_code = excluded.part_code, zone = excluded.zone, orientation = excluded.orientation, slot_index = excluded.slot_index, sequence_order = excluded.sequence_order;
insert into public.installation_slot (installation_id, equipment_id, part_code, zone, orientation, slot_index, sequence_order) values ('0938_LP3', '0938', 'PB', 'pump', 'left', 3, 203) on conflict (installation_id) do update set equipment_id = excluded.equipment_id, part_code = excluded.part_code, zone = excluded.zone, orientation = excluded.orientation, slot_index = excluded.slot_index, sequence_order = excluded.sequence_order;
insert into public.installation_slot (installation_id, equipment_id, part_code, zone, orientation, slot_index, sequence_order) values ('0091_RC3', '0091', 'OCVB', 'cluster', 'right', 3, 123) on conflict (installation_id) do update set equipment_id = excluded.equipment_id, part_code = excluded.part_code, zone = excluded.zone, orientation = excluded.orientation, slot_index = excluded.slot_index, sequence_order = excluded.sequence_order;
insert into public.installation_slot (installation_id, equipment_id, part_code, zone, orientation, slot_index, sequence_order) values ('0091_MC3', '0091', 'OCVB', 'cluster', 'middle', 3, 113) on conflict (installation_id) do update set equipment_id = excluded.equipment_id, part_code = excluded.part_code, zone = excluded.zone, orientation = excluded.orientation, slot_index = excluded.slot_index, sequence_order = excluded.sequence_order;
insert into public.installation_slot (installation_id, equipment_id, part_code, zone, orientation, slot_index, sequence_order) values ('0198_LC2', '0198', 'HPT', 'cluster', 'left', 2, 102) on conflict (installation_id) do update set equipment_id = excluded.equipment_id, part_code = excluded.part_code, zone = excluded.zone, orientation = excluded.orientation, slot_index = excluded.slot_index, sequence_order = excluded.sequence_order;
insert into public.installation_slot (installation_id, equipment_id, part_code, zone, orientation, slot_index, sequence_order) values ('0198_RC2', '0198', 'HPT', 'cluster', 'right', 2, 122) on conflict (installation_id) do update set equipment_id = excluded.equipment_id, part_code = excluded.part_code, zone = excluded.zone, orientation = excluded.orientation, slot_index = excluded.slot_index, sequence_order = excluded.sequence_order;

insert into public.part_lifecycle (installation_id, serial_number, is_refurb, installation_date, removal_date, failure_mode, failure_notes, active_runtime_minutes) values ('0938_H1', 'X6523-E1-8005', FALSE, '2025-02-20T00:00:00+00:00', '2025-06-23T00:00:00+00:00', 'fracture (body)', 'Fracture went through inside cone where bushing and parts sit all the way through to port connection with transducer', 9760) on conflict (installation_id, installation_date) do update set serial_number = excluded.serial_number, is_refurb = excluded.is_refurb, removal_date = excluded.removal_date, failure_mode = excluded.failure_mode, failure_notes = excluded.failure_notes, active_runtime_minutes = greatest(public.part_lifecycle.active_runtime_minutes, excluded.active_runtime_minutes);
insert into public.part_lifecycle (installation_id, serial_number, is_refurb, installation_date, removal_date, failure_mode, failure_notes, active_runtime_minutes) values ('0938_MC2', '%3198-E-8844', FALSE, '2025-09-08T00:00:00+00:00', NULL, NULL, NULL, 0) on conflict (installation_id, installation_date) do update set serial_number = excluded.serial_number, is_refurb = excluded.is_refurb, removal_date = excluded.removal_date, failure_mode = excluded.failure_mode, failure_notes = excluded.failure_notes, active_runtime_minutes = greatest(public.part_lifecycle.active_runtime_minutes, excluded.active_runtime_minutes);
insert into public.part_lifecycle (installation_id, serial_number, is_refurb, installation_date, removal_date, failure_mode, failure_notes, active_runtime_minutes) values ('0938_MP2', 'X8623-E1-8012', FALSE, '2025-03-21T00:00:00+00:00', '2025-08-14T00:00:00+00:00', NULL, NULL, 10960) on conflict (installation_id, installation_date) do update set serial_number = excluded.serial_number, is_refurb = excluded.is_refurb, removal_date = excluded.removal_date, failure_mode = excluded.failure_mode, failure_notes = excluded.failure_notes, active_runtime_minutes = greatest(public.part_lifecycle.active_runtime_minutes, excluded.active_runtime_minutes);
insert into public.part_lifecycle (installation_id, serial_number, is_refurb, installation_date, removal_date, failure_mode, failure_notes, active_runtime_minutes) values ('0938_RP3', 'X7223-E1-8226', FALSE, '2025-03-21T00:00:00+00:00', NULL, NULL, NULL, 0) on conflict (installation_id, installation_date) do update set serial_number = excluded.serial_number, is_refurb = excluded.is_refurb, removal_date = excluded.removal_date, failure_mode = excluded.failure_mode, failure_notes = excluded.failure_notes, active_runtime_minutes = greatest(public.part_lifecycle.active_runtime_minutes, excluded.active_runtime_minutes);
insert into public.part_lifecycle (installation_id, serial_number, is_refurb, installation_date, removal_date, failure_mode, failure_notes, active_runtime_minutes) values ('0091_H4', 'CT141-086-V8621-E1-7883', FALSE, '2025-04-04T00:00:00+00:00', '2025-05-09T00:00:00+00:00', 'scratches', 'High P02 noted (54psi). Scraping discovered on stem/bushing', 3200) on conflict (installation_id, installation_date) do update set serial_number = excluded.serial_number, is_refurb = excluded.is_refurb, removal_date = excluded.removal_date, failure_mode = excluded.failure_mode, failure_notes = excluded.failure_notes, active_runtime_minutes = greatest(public.part_lifecycle.active_runtime_minutes, excluded.active_runtime_minutes);
insert into public.part_lifecycle (installation_id, serial_number, is_refurb, installation_date, removal_date, failure_mode, failure_notes, active_runtime_minutes) values ('0091_H3', 'X5223-E3-8311', FALSE, '2025-04-04T00:00:00+00:00', '2025-05-09T00:00:00+00:00', 'normal wear', 'High P02 noted (54psi). Scraping discovered on stem/bushing', 3200) on conflict (installation_id, installation_date) do update set serial_number = excluded.serial_number, is_refurb = excluded.is_refurb, removal_date = excluded.removal_date, failure_mode = excluded.failure_mode, failure_notes = excluded.failure_notes, active_runtime_minutes = greatest(public.part_lifecycle.active_runtime_minutes, excluded.active_runtime_minutes);
insert into public.part_lifecycle (installation_id, serial_number, is_refurb, installation_date, removal_date, failure_mode, failure_notes, active_runtime_minutes) values ('0938_LC2', 'Z1825-E1-9214', FALSE, '2026-04-09T00:00:00+00:00', '2026-04-30T00:00:00+00:00', NULL, NULL, 0) on conflict (installation_id, installation_date) do update set serial_number = excluded.serial_number, is_refurb = excluded.is_refurb, removal_date = excluded.removal_date, failure_mode = excluded.failure_mode, failure_notes = excluded.failure_notes, active_runtime_minutes = greatest(public.part_lifecycle.active_runtime_minutes, excluded.active_runtime_minutes);
insert into public.part_lifecycle (installation_id, serial_number, is_refurb, installation_date, removal_date, failure_mode, failure_notes, active_runtime_minutes) values ('0091_MP3', 'X7223-E1-8229', FALSE, '2025-04-04T00:00:00+00:00', NULL, NULL, NULL, 0) on conflict (installation_id, installation_date) do update set serial_number = excluded.serial_number, is_refurb = excluded.is_refurb, removal_date = excluded.removal_date, failure_mode = excluded.failure_mode, failure_notes = excluded.failure_notes, active_runtime_minutes = greatest(public.part_lifecycle.active_runtime_minutes, excluded.active_runtime_minutes);
insert into public.part_lifecycle (installation_id, serial_number, is_refurb, installation_date, removal_date, failure_mode, failure_notes, active_runtime_minutes) values ('0938_MC1', 'X8223-E1-8185', FALSE, '2025-04-07T00:00:00+00:00', NULL, NULL, 'Switched to middle as of 10NOV25 (possibly on 06nov25)', 0) on conflict (installation_id, installation_date) do update set serial_number = excluded.serial_number, is_refurb = excluded.is_refurb, removal_date = excluded.removal_date, failure_mode = excluded.failure_mode, failure_notes = excluded.failure_notes, active_runtime_minutes = greatest(public.part_lifecycle.active_runtime_minutes, excluded.active_runtime_minutes);
insert into public.part_lifecycle (installation_id, serial_number, is_refurb, installation_date, removal_date, failure_mode, failure_notes, active_runtime_minutes) values ('0938_LC1', 'X8223-E1-8186', FALSE, '2025-04-14T00:00:00+00:00', '2025-06-20T00:00:00+00:00', 'fracture (port)', '51781994: (previous failure, same location): Leak was observed after pass #3.Check Valve body was replaced due to hairline fracture.
51811889: fracture observed from inside port where check valve ball seat sits, leaked through to cone', 5600) on conflict (installation_id, installation_date) do update set serial_number = excluded.serial_number, is_refurb = excluded.is_refurb, removal_date = excluded.removal_date, failure_mode = excluded.failure_mode, failure_notes = excluded.failure_notes, active_runtime_minutes = greatest(public.part_lifecycle.active_runtime_minutes, excluded.active_runtime_minutes);
insert into public.part_lifecycle (installation_id, serial_number, is_refurb, installation_date, removal_date, failure_mode, failure_notes, active_runtime_minutes) values ('0938_RC2', 'Z1825-E1-9213', FALSE, '2026-04-09T00:00:00+00:00', '2026-04-17T00:00:00+00:00', 'fracture (port)', NULL, 0) on conflict (installation_id, installation_date) do update set serial_number = excluded.serial_number, is_refurb = excluded.is_refurb, removal_date = excluded.removal_date, failure_mode = excluded.failure_mode, failure_notes = excluded.failure_notes, active_runtime_minutes = greatest(public.part_lifecycle.active_runtime_minutes, excluded.active_runtime_minutes);
insert into public.part_lifecycle (installation_id, serial_number, is_refurb, installation_date, removal_date, failure_mode, failure_notes, active_runtime_minutes) values ('0938_LC2', 'V6421-E3-6828', FALSE, '2025-11-06T00:00:00+00:00', '2026-04-09T00:00:00+00:00', 'fracture (port)', 'Leak from lower weephole', 8400) on conflict (installation_id, installation_date) do update set serial_number = excluded.serial_number, is_refurb = excluded.is_refurb, removal_date = excluded.removal_date, failure_mode = excluded.failure_mode, failure_notes = excluded.failure_notes, active_runtime_minutes = greatest(public.part_lifecycle.active_runtime_minutes, excluded.active_runtime_minutes);
insert into public.part_lifecycle (installation_id, serial_number, is_refurb, installation_date, removal_date, failure_mode, failure_notes, active_runtime_minutes) values ('0198_H4', 'V4421-E2-7892', FALSE, '2025-05-08T00:00:00+00:00', '2025-06-23T00:00:00+00:00', 'other', 'Part removed from 0198 and installed on 0938', 0) on conflict (installation_id, installation_date) do update set serial_number = excluded.serial_number, is_refurb = excluded.is_refurb, removal_date = excluded.removal_date, failure_mode = excluded.failure_mode, failure_notes = excluded.failure_notes, active_runtime_minutes = greatest(public.part_lifecycle.active_runtime_minutes, excluded.active_runtime_minutes);
insert into public.part_lifecycle (installation_id, serial_number, is_refurb, installation_date, removal_date, failure_mode, failure_notes, active_runtime_minutes) values ('0198_H1', 'W4022-E3-7107', FALSE, '2025-05-08T00:00:00+00:00', '2025-06-23T00:00:00+00:00', 'other', 'Part removed from 0198 and installed on 0938', 0) on conflict (installation_id, installation_date) do update set serial_number = excluded.serial_number, is_refurb = excluded.is_refurb, removal_date = excluded.removal_date, failure_mode = excluded.failure_mode, failure_notes = excluded.failure_notes, active_runtime_minutes = greatest(public.part_lifecycle.active_runtime_minutes, excluded.active_runtime_minutes);
insert into public.part_lifecycle (installation_id, serial_number, is_refurb, installation_date, removal_date, failure_mode, failure_notes, active_runtime_minutes) values ('0198_H3', 'X5223-E3-8313', FALSE, '2025-05-08T00:00:00+00:00', '2025-06-23T00:00:00+00:00', 'other', 'Part removed from 0198 and installed on 0938', 0) on conflict (installation_id, installation_date) do update set serial_number = excluded.serial_number, is_refurb = excluded.is_refurb, removal_date = excluded.removal_date, failure_mode = excluded.failure_mode, failure_notes = excluded.failure_notes, active_runtime_minutes = greatest(public.part_lifecycle.active_runtime_minutes, excluded.active_runtime_minutes);
insert into public.part_lifecycle (installation_id, serial_number, is_refurb, installation_date, removal_date, failure_mode, failure_notes, active_runtime_minutes) values ('0198_MC3', 'V4221-E1-6244', FALSE, '2025-05-08T00:00:00+00:00', '2025-06-27T00:00:00+00:00', 'other', 'Part removed from 0198 and installed on 0091', 0) on conflict (installation_id, installation_date) do update set serial_number = excluded.serial_number, is_refurb = excluded.is_refurb, removal_date = excluded.removal_date, failure_mode = excluded.failure_mode, failure_notes = excluded.failure_notes, active_runtime_minutes = greatest(public.part_lifecycle.active_runtime_minutes, excluded.active_runtime_minutes);
insert into public.part_lifecycle (installation_id, serial_number, is_refurb, installation_date, removal_date, failure_mode, failure_notes, active_runtime_minutes) values ('0198_MC1', 'X9324-E3-8199', FALSE, '2025-05-08T00:00:00+00:00', '2025-07-15T00:00:00+00:00', 'other', 'Part removed from 0198 and ???', 0) on conflict (installation_id, installation_date) do update set serial_number = excluded.serial_number, is_refurb = excluded.is_refurb, removal_date = excluded.removal_date, failure_mode = excluded.failure_mode, failure_notes = excluded.failure_notes, active_runtime_minutes = greatest(public.part_lifecycle.active_runtime_minutes, excluded.active_runtime_minutes);
insert into public.part_lifecycle (installation_id, serial_number, is_refurb, installation_date, removal_date, failure_mode, failure_notes, active_runtime_minutes) values ('0938_RC2', 'Z1825-xx-xxxx', FALSE, '2026-04-02T00:00:00+00:00', '2026-04-09T00:00:00+00:00', 'fracture (port)', 'Leak from middle weephole. Failed in conjunction with left tee. Possibly related to flow issues', 1200) on conflict (installation_id, installation_date) do update set serial_number = excluded.serial_number, is_refurb = excluded.is_refurb, removal_date = excluded.removal_date, failure_mode = excluded.failure_mode, failure_notes = excluded.failure_notes, active_runtime_minutes = greatest(public.part_lifecycle.active_runtime_minutes, excluded.active_runtime_minutes);
insert into public.part_lifecycle (installation_id, serial_number, is_refurb, installation_date, removal_date, failure_mode, failure_notes, active_runtime_minutes) values ('0198_MC4', 'V4221-E1-6243', FALSE, '2025-05-08T00:00:00+00:00', NULL, NULL, NULL, 0) on conflict (installation_id, installation_date) do update set serial_number = excluded.serial_number, is_refurb = excluded.is_refurb, removal_date = excluded.removal_date, failure_mode = excluded.failure_mode, failure_notes = excluded.failure_notes, active_runtime_minutes = greatest(public.part_lifecycle.active_runtime_minutes, excluded.active_runtime_minutes);
insert into public.part_lifecycle (installation_id, serial_number, is_refurb, installation_date, removal_date, failure_mode, failure_notes, active_runtime_minutes) values ('0938_LC1', 'Y4024-E1-8727', FALSE, '2025-08-15T00:00:00+00:00', NULL, NULL, NULL, 0) on conflict (installation_id, installation_date) do update set serial_number = excluded.serial_number, is_refurb = excluded.is_refurb, removal_date = excluded.removal_date, failure_mode = excluded.failure_mode, failure_notes = excluded.failure_notes, active_runtime_minutes = greatest(public.part_lifecycle.active_runtime_minutes, excluded.active_runtime_minutes);
insert into public.part_lifecycle (installation_id, serial_number, is_refurb, installation_date, removal_date, failure_mode, failure_notes, active_runtime_minutes) values ('0938_RC2', 'Y6325-E2-9057', FALSE, '2026-02-25T00:00:00+00:00', '2026-04-02T00:00:00+00:00', 'fracture (port)', NULL, 3600) on conflict (installation_id, installation_date) do update set serial_number = excluded.serial_number, is_refurb = excluded.is_refurb, removal_date = excluded.removal_date, failure_mode = excluded.failure_mode, failure_notes = excluded.failure_notes, active_runtime_minutes = greatest(public.part_lifecycle.active_runtime_minutes, excluded.active_runtime_minutes);
insert into public.part_lifecycle (installation_id, serial_number, is_refurb, installation_date, removal_date, failure_mode, failure_notes, active_runtime_minutes) values ('0938_LC3', 'Y4024-E1-8718', FALSE, '2025-08-19T00:00:00+00:00', NULL, NULL, 'Switched to middle as of 10NOV2025 (possibly on 06nov25)', 0) on conflict (installation_id, installation_date) do update set serial_number = excluded.serial_number, is_refurb = excluded.is_refurb, removal_date = excluded.removal_date, failure_mode = excluded.failure_mode, failure_notes = excluded.failure_notes, active_runtime_minutes = greatest(public.part_lifecycle.active_runtime_minutes, excluded.active_runtime_minutes);
insert into public.part_lifecycle (installation_id, serial_number, is_refurb, installation_date, removal_date, failure_mode, failure_notes, active_runtime_minutes) values ('0198_LC4', 'W5922-W1-7289', FALSE, '2025-05-08T00:00:00+00:00', NULL, NULL, NULL, 0) on conflict (installation_id, installation_date) do update set serial_number = excluded.serial_number, is_refurb = excluded.is_refurb, removal_date = excluded.removal_date, failure_mode = excluded.failure_mode, failure_notes = excluded.failure_notes, active_runtime_minutes = greatest(public.part_lifecycle.active_runtime_minutes, excluded.active_runtime_minutes);
insert into public.part_lifecycle (installation_id, serial_number, is_refurb, installation_date, removal_date, failure_mode, failure_notes, active_runtime_minutes) values ('0198_LC5', 'V1220-E1-5748', FALSE, '2025-05-08T00:00:00+00:00', NULL, NULL, NULL, 0) on conflict (installation_id, installation_date) do update set serial_number = excluded.serial_number, is_refurb = excluded.is_refurb, removal_date = excluded.removal_date, failure_mode = excluded.failure_mode, failure_notes = excluded.failure_notes, active_runtime_minutes = greatest(public.part_lifecycle.active_runtime_minutes, excluded.active_runtime_minutes);
insert into public.part_lifecycle (installation_id, serial_number, is_refurb, installation_date, removal_date, failure_mode, failure_notes, active_runtime_minutes) values ('0198_LP2', 'X8623-E1-8018', FALSE, '2025-05-08T00:00:00+00:00', NULL, NULL, NULL, 0) on conflict (installation_id, installation_date) do update set serial_number = excluded.serial_number, is_refurb = excluded.is_refurb, removal_date = excluded.removal_date, failure_mode = excluded.failure_mode, failure_notes = excluded.failure_notes, active_runtime_minutes = greatest(public.part_lifecycle.active_runtime_minutes, excluded.active_runtime_minutes);
insert into public.part_lifecycle (installation_id, serial_number, is_refurb, installation_date, removal_date, failure_mode, failure_notes, active_runtime_minutes) values ('0091_H1', 'X9624-E3-8298', FALSE, '2025-04-04T00:00:00+00:00', '2026-01-29T00:00:00+00:00', 'scratches', 'Rougness noted where ceramic seat makes contact with inside bore of HV, and scratches leading to product outlet hole.', 20800) on conflict (installation_id, installation_date) do update set serial_number = excluded.serial_number, is_refurb = excluded.is_refurb, removal_date = excluded.removal_date, failure_mode = excluded.failure_mode, failure_notes = excluded.failure_notes, active_runtime_minutes = greatest(public.part_lifecycle.active_runtime_minutes, excluded.active_runtime_minutes);
insert into public.part_lifecycle (installation_id, serial_number, is_refurb, installation_date, removal_date, failure_mode, failure_notes, active_runtime_minutes) values ('0198_MC5', 'X9324-E3-8200', FALSE, '2025-05-08T00:00:00+00:00', NULL, NULL, NULL, 0) on conflict (installation_id, installation_date) do update set serial_number = excluded.serial_number, is_refurb = excluded.is_refurb, removal_date = excluded.removal_date, failure_mode = excluded.failure_mode, failure_notes = excluded.failure_notes, active_runtime_minutes = greatest(public.part_lifecycle.active_runtime_minutes, excluded.active_runtime_minutes);
insert into public.part_lifecycle (installation_id, serial_number, is_refurb, installation_date, removal_date, failure_mode, failure_notes, active_runtime_minutes) values ('0198_MP2', 'X8623-E4-8303', FALSE, '2025-05-08T00:00:00+00:00', NULL, NULL, NULL, 0) on conflict (installation_id, installation_date) do update set serial_number = excluded.serial_number, is_refurb = excluded.is_refurb, removal_date = excluded.removal_date, failure_mode = excluded.failure_mode, failure_notes = excluded.failure_notes, active_runtime_minutes = greatest(public.part_lifecycle.active_runtime_minutes, excluded.active_runtime_minutes);
insert into public.part_lifecycle (installation_id, serial_number, is_refurb, installation_date, removal_date, failure_mode, failure_notes, active_runtime_minutes) values ('0198_O', 'X5023-E1-8470', FALSE, '2025-05-08T00:00:00+00:00', NULL, NULL, NULL, 0) on conflict (installation_id, installation_date) do update set serial_number = excluded.serial_number, is_refurb = excluded.is_refurb, removal_date = excluded.removal_date, failure_mode = excluded.failure_mode, failure_notes = excluded.failure_notes, active_runtime_minutes = greatest(public.part_lifecycle.active_runtime_minutes, excluded.active_runtime_minutes);
insert into public.part_lifecycle (installation_id, serial_number, is_refurb, installation_date, removal_date, failure_mode, failure_notes, active_runtime_minutes) values ('0938_RC3', 'Y4024-E1-8716', FALSE, '2026-01-16T00:00:00+00:00', NULL, NULL, NULL, 0) on conflict (installation_id, installation_date) do update set serial_number = excluded.serial_number, is_refurb = excluded.is_refurb, removal_date = excluded.removal_date, failure_mode = excluded.failure_mode, failure_notes = excluded.failure_notes, active_runtime_minutes = greatest(public.part_lifecycle.active_runtime_minutes, excluded.active_runtime_minutes);
insert into public.part_lifecycle (installation_id, serial_number, is_refurb, installation_date, removal_date, failure_mode, failure_notes, active_runtime_minutes) values ('0938_MC2', 'Y6325-E2-9044', FALSE, '2026-01-30T00:00:00+00:00', '2026-03-13T00:00:00+00:00', 'fracture (port)', 'Failed at same time as outlet manifold (revised). Theorized due to P01 fluctuations caused by abnormal HV internals', 2800) on conflict (installation_id, installation_date) do update set serial_number = excluded.serial_number, is_refurb = excluded.is_refurb, removal_date = excluded.removal_date, failure_mode = excluded.failure_mode, failure_notes = excluded.failure_notes, active_runtime_minutes = greatest(public.part_lifecycle.active_runtime_minutes, excluded.active_runtime_minutes);
insert into public.part_lifecycle (installation_id, serial_number, is_refurb, installation_date, removal_date, failure_mode, failure_notes, active_runtime_minutes) values ('0198_RC4', 'X9324-E3-8190', FALSE, '2025-05-08T00:00:00+00:00', NULL, NULL, NULL, 0) on conflict (installation_id, installation_date) do update set serial_number = excluded.serial_number, is_refurb = excluded.is_refurb, removal_date = excluded.removal_date, failure_mode = excluded.failure_mode, failure_notes = excluded.failure_notes, active_runtime_minutes = greatest(public.part_lifecycle.active_runtime_minutes, excluded.active_runtime_minutes);
insert into public.part_lifecycle (installation_id, serial_number, is_refurb, installation_date, removal_date, failure_mode, failure_notes, active_runtime_minutes) values ('0198_RC5', 'X9324-E3-8193', FALSE, '2025-05-08T00:00:00+00:00', NULL, NULL, NULL, 0) on conflict (installation_id, installation_date) do update set serial_number = excluded.serial_number, is_refurb = excluded.is_refurb, removal_date = excluded.removal_date, failure_mode = excluded.failure_mode, failure_notes = excluded.failure_notes, active_runtime_minutes = greatest(public.part_lifecycle.active_runtime_minutes, excluded.active_runtime_minutes);
insert into public.part_lifecycle (installation_id, serial_number, is_refurb, installation_date, removal_date, failure_mode, failure_notes, active_runtime_minutes) values ('0198_RP2', 'X8623-E4-8301', FALSE, '2025-05-08T00:00:00+00:00', NULL, NULL, NULL, 0) on conflict (installation_id, installation_date) do update set serial_number = excluded.serial_number, is_refurb = excluded.is_refurb, removal_date = excluded.removal_date, failure_mode = excluded.failure_mode, failure_notes = excluded.failure_notes, active_runtime_minutes = greatest(public.part_lifecycle.active_runtime_minutes, excluded.active_runtime_minutes);
insert into public.part_lifecycle (installation_id, serial_number, is_refurb, installation_date, removal_date, failure_mode, failure_notes, active_runtime_minutes) values ('0938_RC2', 'T1418-E4-5147', FALSE, '2026-01-16T00:00:00+00:00', '2026-02-25T00:00:00+00:00', 'fracture (port)', 'Used tee. 3200 run time PRIOR to installation. Finally discovered failed when flow issues were observed, dried emulsion found all around port and on ball seat cone/gland nut/ferrule. Very miniscule fracture observed on port', 2400) on conflict (installation_id, installation_date) do update set serial_number = excluded.serial_number, is_refurb = excluded.is_refurb, removal_date = excluded.removal_date, failure_mode = excluded.failure_mode, failure_notes = excluded.failure_notes, active_runtime_minutes = greatest(public.part_lifecycle.active_runtime_minutes, excluded.active_runtime_minutes);
insert into public.part_lifecycle (installation_id, serial_number, is_refurb, installation_date, removal_date, failure_mode, failure_notes, active_runtime_minutes) values ('0938_H4', 'CT147-013-V8621-E1-7954', FALSE, '2025-05-09T00:00:00+00:00', '2025-06-23T00:00:00+00:00', 'normal wear', 'HV body failed, stem replaced', 3200) on conflict (installation_id, installation_date) do update set serial_number = excluded.serial_number, is_refurb = excluded.is_refurb, removal_date = excluded.removal_date, failure_mode = excluded.failure_mode, failure_notes = excluded.failure_notes, active_runtime_minutes = greatest(public.part_lifecycle.active_runtime_minutes, excluded.active_runtime_minutes);
insert into public.part_lifecycle (installation_id, serial_number, is_refurb, installation_date, removal_date, failure_mode, failure_notes, active_runtime_minutes) values ('0938_H3', 'X5223-E3-8312', FALSE, '2025-05-09T00:00:00+00:00', '2025-06-23T00:00:00+00:00', 'normal wear', 'HV body failed, stem replaced', 3200) on conflict (installation_id, installation_date) do update set serial_number = excluded.serial_number, is_refurb = excluded.is_refurb, removal_date = excluded.removal_date, failure_mode = excluded.failure_mode, failure_notes = excluded.failure_notes, active_runtime_minutes = greatest(public.part_lifecycle.active_runtime_minutes, excluded.active_runtime_minutes);
insert into public.part_lifecycle (installation_id, serial_number, is_refurb, installation_date, removal_date, failure_mode, failure_notes, active_runtime_minutes) values ('0091_RP3', 'X7223-E3-8666', FALSE, '2026-02-06T00:00:00+00:00', NULL, NULL, NULL, 0) on conflict (installation_id, installation_date) do update set serial_number = excluded.serial_number, is_refurb = excluded.is_refurb, removal_date = excluded.removal_date, failure_mode = excluded.failure_mode, failure_notes = excluded.failure_notes, active_runtime_minutes = greatest(public.part_lifecycle.active_runtime_minutes, excluded.active_runtime_minutes);
insert into public.part_lifecycle (installation_id, serial_number, is_refurb, installation_date, removal_date, failure_mode, failure_notes, active_runtime_minutes) values ('0938_MP4', 'X9324-E3-3202', FALSE, '2025-06-03T00:00:00+00:00', NULL, NULL, NULL, 0) on conflict (installation_id, installation_date) do update set serial_number = excluded.serial_number, is_refurb = excluded.is_refurb, removal_date = excluded.removal_date, failure_mode = excluded.failure_mode, failure_notes = excluded.failure_notes, active_runtime_minutes = greatest(public.part_lifecycle.active_runtime_minutes, excluded.active_runtime_minutes);
insert into public.part_lifecycle (installation_id, serial_number, is_refurb, installation_date, removal_date, failure_mode, failure_notes, active_runtime_minutes) values ('0938_LC2', 'X7423-E2-8323', FALSE, '2025-10-21T00:00:00+00:00', '2025-11-06T00:00:00+00:00', NULL, NULL, 2000) on conflict (installation_id, installation_date) do update set serial_number = excluded.serial_number, is_refurb = excluded.is_refurb, removal_date = excluded.removal_date, failure_mode = excluded.failure_mode, failure_notes = excluded.failure_notes, active_runtime_minutes = greatest(public.part_lifecycle.active_runtime_minutes, excluded.active_runtime_minutes);
insert into public.part_lifecycle (installation_id, serial_number, is_refurb, installation_date, removal_date, failure_mode, failure_notes, active_runtime_minutes) values ('0938_RC2', '%3198-E-8846', FALSE, '2025-10-16T00:00:00+00:00', '2025-10-24T00:00:00+00:00', 'other', NULL, 1200) on conflict (installation_id, installation_date) do update set serial_number = excluded.serial_number, is_refurb = excluded.is_refurb, removal_date = excluded.removal_date, failure_mode = excluded.failure_mode, failure_notes = excluded.failure_notes, active_runtime_minutes = greatest(public.part_lifecycle.active_runtime_minutes, excluded.active_runtime_minutes);
insert into public.part_lifecycle (installation_id, serial_number, is_refurb, installation_date, removal_date, failure_mode, failure_notes, active_runtime_minutes) values ('0938_LC2', '%3198-E-8843', FALSE, '2025-09-26T00:00:00+00:00', '2025-10-21T00:00:00+00:00', NULL, NULL, 2400) on conflict (installation_id, installation_date) do update set serial_number = excluded.serial_number, is_refurb = excluded.is_refurb, removal_date = excluded.removal_date, failure_mode = excluded.failure_mode, failure_notes = excluded.failure_notes, active_runtime_minutes = greatest(public.part_lifecycle.active_runtime_minutes, excluded.active_runtime_minutes);
insert into public.part_lifecycle (installation_id, serial_number, is_refurb, installation_date, removal_date, failure_mode, failure_notes, active_runtime_minutes) values ('0938_H4', 'V4421-E2-7892', FALSE, '2025-06-23T00:00:00+00:00', '2025-08-14T00:00:00+00:00', NULL, 'Scraping on stem noted', 3600) on conflict (installation_id, installation_date) do update set serial_number = excluded.serial_number, is_refurb = excluded.is_refurb, removal_date = excluded.removal_date, failure_mode = excluded.failure_mode, failure_notes = excluded.failure_notes, active_runtime_minutes = greatest(public.part_lifecycle.active_runtime_minutes, excluded.active_runtime_minutes);
insert into public.part_lifecycle (installation_id, serial_number, is_refurb, installation_date, removal_date, failure_mode, failure_notes, active_runtime_minutes) values ('0938_H3', 'X5223-E3-8313', FALSE, '2025-06-23T00:00:00+00:00', '2025-08-14T00:00:00+00:00', NULL, NULL, 3600) on conflict (installation_id, installation_date) do update set serial_number = excluded.serial_number, is_refurb = excluded.is_refurb, removal_date = excluded.removal_date, failure_mode = excluded.failure_mode, failure_notes = excluded.failure_notes, active_runtime_minutes = greatest(public.part_lifecycle.active_runtime_minutes, excluded.active_runtime_minutes);
insert into public.part_lifecycle (installation_id, serial_number, is_refurb, installation_date, removal_date, failure_mode, failure_notes, active_runtime_minutes) values ('0198_LP3', 'K3613-E1-XXXX', FALSE, '2025-05-08T00:00:00+00:00', NULL, NULL, NULL, 0) on conflict (installation_id, installation_date) do update set serial_number = excluded.serial_number, is_refurb = excluded.is_refurb, removal_date = excluded.removal_date, failure_mode = excluded.failure_mode, failure_notes = excluded.failure_notes, active_runtime_minutes = greatest(public.part_lifecycle.active_runtime_minutes, excluded.active_runtime_minutes);
insert into public.part_lifecycle (installation_id, serial_number, is_refurb, installation_date, removal_date, failure_mode, failure_notes, active_runtime_minutes) values ('0938_RC2', '%3198-E-8845', FALSE, '2025-09-24T00:00:00+00:00', '2025-10-16T00:00:00+00:00', 'fracture (body)', NULL, 2400) on conflict (installation_id, installation_date) do update set serial_number = excluded.serial_number, is_refurb = excluded.is_refurb, removal_date = excluded.removal_date, failure_mode = excluded.failure_mode, failure_notes = excluded.failure_notes, active_runtime_minutes = greatest(public.part_lifecycle.active_runtime_minutes, excluded.active_runtime_minutes);
insert into public.part_lifecycle (installation_id, serial_number, is_refurb, installation_date, removal_date, failure_mode, failure_notes, active_runtime_minutes) values ('0091_RC1', 'V4221-E1-6244', FALSE, '2025-06-27T00:00:00+00:00', '2025-09-10T00:00:00+00:00', 'fracture (port)', NULL, 5200) on conflict (installation_id, installation_date) do update set serial_number = excluded.serial_number, is_refurb = excluded.is_refurb, removal_date = excluded.removal_date, failure_mode = excluded.failure_mode, failure_notes = excluded.failure_notes, active_runtime_minutes = greatest(public.part_lifecycle.active_runtime_minutes, excluded.active_runtime_minutes);
insert into public.part_lifecycle (installation_id, serial_number, is_refurb, installation_date, removal_date, failure_mode, failure_notes, active_runtime_minutes) values ('0938_LC2', '%3198-E-8842', FALSE, '2025-09-08T00:00:00+00:00', '2025-09-26T00:00:00+00:00', NULL, NULL, 2400) on conflict (installation_id, installation_date) do update set serial_number = excluded.serial_number, is_refurb = excluded.is_refurb, removal_date = excluded.removal_date, failure_mode = excluded.failure_mode, failure_notes = excluded.failure_notes, active_runtime_minutes = greatest(public.part_lifecycle.active_runtime_minutes, excluded.active_runtime_minutes);
insert into public.part_lifecycle (installation_id, serial_number, is_refurb, installation_date, removal_date, failure_mode, failure_notes, active_runtime_minutes) values ('0198_MP3', 'P0215-E1-3631', FALSE, '2025-05-08T00:00:00+00:00', NULL, NULL, NULL, 0) on conflict (installation_id, installation_date) do update set serial_number = excluded.serial_number, is_refurb = excluded.is_refurb, removal_date = excluded.removal_date, failure_mode = excluded.failure_mode, failure_notes = excluded.failure_notes, active_runtime_minutes = greatest(public.part_lifecycle.active_runtime_minutes, excluded.active_runtime_minutes);
insert into public.part_lifecycle (installation_id, serial_number, is_refurb, installation_date, removal_date, failure_mode, failure_notes, active_runtime_minutes) values ('0198_LC1', 'X6423-E1-7601', FALSE, '2025-05-08T00:00:00+00:00', NULL, NULL, NULL, 0) on conflict (installation_id, installation_date) do update set serial_number = excluded.serial_number, is_refurb = excluded.is_refurb, removal_date = excluded.removal_date, failure_mode = excluded.failure_mode, failure_notes = excluded.failure_notes, active_runtime_minutes = greatest(public.part_lifecycle.active_runtime_minutes, excluded.active_runtime_minutes);
insert into public.part_lifecycle (installation_id, serial_number, is_refurb, installation_date, removal_date, failure_mode, failure_notes, active_runtime_minutes) values ('0938_RC2', 'X7423-E5-8293', FALSE, '2025-09-19T00:00:00+00:00', '2025-09-24T00:00:00+00:00', 'other', 'No failure: tee replaced with new design to align with other 2 check valve tees', 0) on conflict (installation_id, installation_date) do update set serial_number = excluded.serial_number, is_refurb = excluded.is_refurb, removal_date = excluded.removal_date, failure_mode = excluded.failure_mode, failure_notes = excluded.failure_notes, active_runtime_minutes = greatest(public.part_lifecycle.active_runtime_minutes, excluded.active_runtime_minutes);
insert into public.part_lifecycle (installation_id, serial_number, is_refurb, installation_date, removal_date, failure_mode, failure_notes, active_runtime_minutes) values ('0198_LC3', 'X6423-E1-7600', FALSE, '2025-05-08T00:00:00+00:00', NULL, NULL, 'small fracture near the weep hole, deemed ok for use', 0) on conflict (installation_id, installation_date) do update set serial_number = excluded.serial_number, is_refurb = excluded.is_refurb, removal_date = excluded.removal_date, failure_mode = excluded.failure_mode, failure_notes = excluded.failure_notes, active_runtime_minutes = greatest(public.part_lifecycle.active_runtime_minutes, excluded.active_runtime_minutes);
insert into public.part_lifecycle (installation_id, serial_number, is_refurb, installation_date, removal_date, failure_mode, failure_notes, active_runtime_minutes) values ('0938_RC2', '%3198-E-8847', FALSE, '2025-09-08T00:00:00+00:00', '2025-09-19T00:00:00+00:00', 'fracture (body)', 'Repeat priming issues noted in that check valve assembly prior to fracture, and during previous batch. Fractured on body, where channel from pump body tees up', 2000) on conflict (installation_id, installation_date) do update set serial_number = excluded.serial_number, is_refurb = excluded.is_refurb, removal_date = excluded.removal_date, failure_mode = excluded.failure_mode, failure_notes = excluded.failure_notes, active_runtime_minutes = greatest(public.part_lifecycle.active_runtime_minutes, excluded.active_runtime_minutes);
insert into public.part_lifecycle (installation_id, serial_number, is_refurb, installation_date, removal_date, failure_mode, failure_notes, active_runtime_minutes) values ('0091_LC1', 'Y4024-E1-8721', FALSE, '2025-07-22T00:00:00+00:00', '2025-08-11T00:00:00+00:00', 'fracture (body)', NULL, 2000) on conflict (installation_id, installation_date) do update set serial_number = excluded.serial_number, is_refurb = excluded.is_refurb, removal_date = excluded.removal_date, failure_mode = excluded.failure_mode, failure_notes = excluded.failure_notes, active_runtime_minutes = greatest(public.part_lifecycle.active_runtime_minutes, excluded.active_runtime_minutes);
insert into public.part_lifecycle (installation_id, serial_number, is_refurb, installation_date, removal_date, failure_mode, failure_notes, active_runtime_minutes) values ('0938_LC2', 'T1418-E4-5147', FALSE, '2025-07-25T00:00:00+00:00', '2025-09-05T00:00:00+00:00', 'other', 'Used tee was installed. Removed due to new tee design and bracket available. No failure', 3200) on conflict (installation_id, installation_date) do update set serial_number = excluded.serial_number, is_refurb = excluded.is_refurb, removal_date = excluded.removal_date, failure_mode = excluded.failure_mode, failure_notes = excluded.failure_notes, active_runtime_minutes = greatest(public.part_lifecycle.active_runtime_minutes, excluded.active_runtime_minutes);
insert into public.part_lifecycle (installation_id, serial_number, is_refurb, installation_date, removal_date, failure_mode, failure_notes, active_runtime_minutes) values ('0938_RC3', 'Y4024-E1-8719', FALSE, '2025-09-24T00:00:00+00:00', '2025-10-24T00:00:00+00:00', 'other', 'Replaced as part of check valve assembly leak troubleshooting. Root cause is suspected to be outlet check valve ball seat (right)', 3200) on conflict (installation_id, installation_date) do update set serial_number = excluded.serial_number, is_refurb = excluded.is_refurb, removal_date = excluded.removal_date, failure_mode = excluded.failure_mode, failure_notes = excluded.failure_notes, active_runtime_minutes = greatest(public.part_lifecycle.active_runtime_minutes, excluded.active_runtime_minutes);
insert into public.part_lifecycle (installation_id, serial_number, is_refurb, installation_date, removal_date, failure_mode, failure_notes, active_runtime_minutes) values ('0091_LC1', 'Y4024-E1-8713', FALSE, '2025-08-11T00:00:00+00:00', '2025-08-18T00:00:00+00:00', 'binding (threads)', 'Was replaced due to stuck ferrule. We thought the associated tee was replaced previous week but it was actually this inlet check valve body. So body was swapped out as well', 1200) on conflict (installation_id, installation_date) do update set serial_number = excluded.serial_number, is_refurb = excluded.is_refurb, removal_date = excluded.removal_date, failure_mode = excluded.failure_mode, failure_notes = excluded.failure_notes, active_runtime_minutes = greatest(public.part_lifecycle.active_runtime_minutes, excluded.active_runtime_minutes);
insert into public.part_lifecycle (installation_id, serial_number, is_refurb, installation_date, removal_date, failure_mode, failure_notes, active_runtime_minutes) values ('0938_LC2', 'X7423-E2-8325', FALSE, '2025-06-20T00:00:00+00:00', '2025-07-25T00:00:00+00:00', 'unknown', NULL, 2400) on conflict (installation_id, installation_date) do update set serial_number = excluded.serial_number, is_refurb = excluded.is_refurb, removal_date = excluded.removal_date, failure_mode = excluded.failure_mode, failure_notes = excluded.failure_notes, active_runtime_minutes = greatest(public.part_lifecycle.active_runtime_minutes, excluded.active_runtime_minutes);
insert into public.part_lifecycle (installation_id, serial_number, is_refurb, installation_date, removal_date, failure_mode, failure_notes, active_runtime_minutes) values ('0938_H2', 'CT143-016B', FALSE, '2025-08-14T00:00:00+00:00', NULL, NULL, NULL, 0) on conflict (installation_id, installation_date) do update set serial_number = excluded.serial_number, is_refurb = excluded.is_refurb, removal_date = excluded.removal_date, failure_mode = excluded.failure_mode, failure_notes = excluded.failure_notes, active_runtime_minutes = greatest(public.part_lifecycle.active_runtime_minutes, excluded.active_runtime_minutes);
insert into public.part_lifecycle (installation_id, serial_number, is_refurb, installation_date, removal_date, failure_mode, failure_notes, active_runtime_minutes) values ('0938_H3', 'X5223-E2-7880', FALSE, '2025-08-14T00:00:00+00:00', NULL, NULL, NULL, 0) on conflict (installation_id, installation_date) do update set serial_number = excluded.serial_number, is_refurb = excluded.is_refurb, removal_date = excluded.removal_date, failure_mode = excluded.failure_mode, failure_notes = excluded.failure_notes, active_runtime_minutes = greatest(public.part_lifecycle.active_runtime_minutes, excluded.active_runtime_minutes);
insert into public.part_lifecycle (installation_id, serial_number, is_refurb, installation_date, removal_date, failure_mode, failure_notes, active_runtime_minutes) values ('0938_H4', 'CT144-053-X0922-E1-7932', FALSE, '2025-08-14T00:00:00+00:00', NULL, NULL, NULL, 0) on conflict (installation_id, installation_date) do update set serial_number = excluded.serial_number, is_refurb = excluded.is_refurb, removal_date = excluded.removal_date, failure_mode = excluded.failure_mode, failure_notes = excluded.failure_notes, active_runtime_minutes = greatest(public.part_lifecycle.active_runtime_minutes, excluded.active_runtime_minutes);
insert into public.part_lifecycle (installation_id, serial_number, is_refurb, installation_date, removal_date, failure_mode, failure_notes, active_runtime_minutes) values ('0938_LP2', 'Y5324-E1-8749', FALSE, '2025-08-14T00:00:00+00:00', NULL, NULL, NULL, 0) on conflict (installation_id, installation_date) do update set serial_number = excluded.serial_number, is_refurb = excluded.is_refurb, removal_date = excluded.removal_date, failure_mode = excluded.failure_mode, failure_notes = excluded.failure_notes, active_runtime_minutes = greatest(public.part_lifecycle.active_runtime_minutes, excluded.active_runtime_minutes);
insert into public.part_lifecycle (installation_id, serial_number, is_refurb, installation_date, removal_date, failure_mode, failure_notes, active_runtime_minutes) values ('0938_MP2', 'Y5324-E1-8753', FALSE, '2025-08-14T00:00:00+00:00', NULL, NULL, NULL, 0) on conflict (installation_id, installation_date) do update set serial_number = excluded.serial_number, is_refurb = excluded.is_refurb, removal_date = excluded.removal_date, failure_mode = excluded.failure_mode, failure_notes = excluded.failure_notes, active_runtime_minutes = greatest(public.part_lifecycle.active_runtime_minutes, excluded.active_runtime_minutes);
insert into public.part_lifecycle (installation_id, serial_number, is_refurb, installation_date, removal_date, failure_mode, failure_notes, active_runtime_minutes) values ('0938_RP2', 'Y5324-E1-8751', FALSE, '2025-08-14T00:00:00+00:00', NULL, NULL, NULL, 0) on conflict (installation_id, installation_date) do update set serial_number = excluded.serial_number, is_refurb = excluded.is_refurb, removal_date = excluded.removal_date, failure_mode = excluded.failure_mode, failure_notes = excluded.failure_notes, active_runtime_minutes = greatest(public.part_lifecycle.active_runtime_minutes, excluded.active_runtime_minutes);
insert into public.part_lifecycle (installation_id, serial_number, is_refurb, installation_date, removal_date, failure_mode, failure_notes, active_runtime_minutes) values ('0198_RC1', 'X8223-E1-8183', FALSE, '2025-05-08T00:00:00+00:00', NULL, NULL, NULL, 0) on conflict (installation_id, installation_date) do update set serial_number = excluded.serial_number, is_refurb = excluded.is_refurb, removal_date = excluded.removal_date, failure_mode = excluded.failure_mode, failure_notes = excluded.failure_notes, active_runtime_minutes = greatest(public.part_lifecycle.active_runtime_minutes, excluded.active_runtime_minutes);
insert into public.part_lifecycle (installation_id, serial_number, is_refurb, installation_date, removal_date, failure_mode, failure_notes, active_runtime_minutes) values ('0938_LC2', 'X7423-E4-8286', FALSE, '2025-05-16T00:00:00+00:00', '2025-06-20T00:00:00+00:00', 'unknown', NULL, 2400) on conflict (installation_id, installation_date) do update set serial_number = excluded.serial_number, is_refurb = excluded.is_refurb, removal_date = excluded.removal_date, failure_mode = excluded.failure_mode, failure_notes = excluded.failure_notes, active_runtime_minutes = greatest(public.part_lifecycle.active_runtime_minutes, excluded.active_runtime_minutes);
insert into public.part_lifecycle (installation_id, serial_number, is_refurb, installation_date, removal_date, failure_mode, failure_notes, active_runtime_minutes) values ('0938_LC2', 'X7423-E2-8326', FALSE, '2025-04-28T00:00:00+00:00', '2025-05-16T00:00:00+00:00', 'unknown', NULL, 2000) on conflict (installation_id, installation_date) do update set serial_number = excluded.serial_number, is_refurb = excluded.is_refurb, removal_date = excluded.removal_date, failure_mode = excluded.failure_mode, failure_notes = excluded.failure_notes, active_runtime_minutes = greatest(public.part_lifecycle.active_runtime_minutes, excluded.active_runtime_minutes);
insert into public.part_lifecycle (installation_id, serial_number, is_refurb, installation_date, removal_date, failure_mode, failure_notes, active_runtime_minutes) values ('0198_RC3', 'X8223-E1-8189', FALSE, '2025-05-08T00:00:00+00:00', NULL, NULL, NULL, 0) on conflict (installation_id, installation_date) do update set serial_number = excluded.serial_number, is_refurb = excluded.is_refurb, removal_date = excluded.removal_date, failure_mode = excluded.failure_mode, failure_notes = excluded.failure_notes, active_runtime_minutes = greatest(public.part_lifecycle.active_runtime_minutes, excluded.active_runtime_minutes);
insert into public.part_lifecycle (installation_id, serial_number, is_refurb, installation_date, removal_date, failure_mode, failure_notes, active_runtime_minutes) values ('0198_MC1', 'L7214-E4-2393', FALSE, '2025-07-07T00:00:00+00:00', NULL, NULL, 'Used part at time of installation', 0) on conflict (installation_id, installation_date) do update set serial_number = excluded.serial_number, is_refurb = excluded.is_refurb, removal_date = excluded.removal_date, failure_mode = excluded.failure_mode, failure_notes = excluded.failure_notes, active_runtime_minutes = greatest(public.part_lifecycle.active_runtime_minutes, excluded.active_runtime_minutes);
insert into public.part_lifecycle (installation_id, serial_number, is_refurb, installation_date, removal_date, failure_mode, failure_notes, active_runtime_minutes) values ('0938_LC2', 'X7423-E4-8288', FALSE, '2025-03-21T00:00:00+00:00', '2025-04-28T00:00:00+00:00', 'fracture (port)', 'small fracture was observed on the port connecting the Tee to the Inlet Check Valve', 3360) on conflict (installation_id, installation_date) do update set serial_number = excluded.serial_number, is_refurb = excluded.is_refurb, removal_date = excluded.removal_date, failure_mode = excluded.failure_mode, failure_notes = excluded.failure_notes, active_runtime_minutes = greatest(public.part_lifecycle.active_runtime_minutes, excluded.active_runtime_minutes);
insert into public.part_lifecycle (installation_id, serial_number, is_refurb, installation_date, removal_date, failure_mode, failure_notes, active_runtime_minutes) values ('0938_LC4', 'nan', FALSE, '2025-08-26T00:00:00+00:00', NULL, NULL, NULL, 0) on conflict (installation_id, installation_date) do update set serial_number = excluded.serial_number, is_refurb = excluded.is_refurb, removal_date = excluded.removal_date, failure_mode = excluded.failure_mode, failure_notes = excluded.failure_notes, active_runtime_minutes = greatest(public.part_lifecycle.active_runtime_minutes, excluded.active_runtime_minutes);
insert into public.part_lifecycle (installation_id, serial_number, is_refurb, installation_date, removal_date, failure_mode, failure_notes, active_runtime_minutes) values ('0938_LC5', 'nan', FALSE, '2025-08-26T00:00:00+00:00', NULL, NULL, NULL, 0) on conflict (installation_id, installation_date) do update set serial_number = excluded.serial_number, is_refurb = excluded.is_refurb, removal_date = excluded.removal_date, failure_mode = excluded.failure_mode, failure_notes = excluded.failure_notes, active_runtime_minutes = greatest(public.part_lifecycle.active_runtime_minutes, excluded.active_runtime_minutes);
insert into public.part_lifecycle (installation_id, serial_number, is_refurb, installation_date, removal_date, failure_mode, failure_notes, active_runtime_minutes) values ('0938_RC4', 'nan', FALSE, '2025-08-26T00:00:00+00:00', NULL, NULL, NULL, 0) on conflict (installation_id, installation_date) do update set serial_number = excluded.serial_number, is_refurb = excluded.is_refurb, removal_date = excluded.removal_date, failure_mode = excluded.failure_mode, failure_notes = excluded.failure_notes, active_runtime_minutes = greatest(public.part_lifecycle.active_runtime_minutes, excluded.active_runtime_minutes);
insert into public.part_lifecycle (installation_id, serial_number, is_refurb, installation_date, removal_date, failure_mode, failure_notes, active_runtime_minutes) values ('0938_MC2', 'Y6325-E2-9055', FALSE, '2026-03-13T00:00:00+00:00', NULL, NULL, NULL, 0) on conflict (installation_id, installation_date) do update set serial_number = excluded.serial_number, is_refurb = excluded.is_refurb, removal_date = excluded.removal_date, failure_mode = excluded.failure_mode, failure_notes = excluded.failure_notes, active_runtime_minutes = greatest(public.part_lifecycle.active_runtime_minutes, excluded.active_runtime_minutes);
insert into public.part_lifecycle (installation_id, serial_number, is_refurb, installation_date, removal_date, failure_mode, failure_notes, active_runtime_minutes) values ('0938_MC1', 'X9324-E3-8199', FALSE, '2025-06-24T00:00:00+00:00', '2025-08-15T00:00:00+00:00', 'normal wear', 'Annual PM', 3600) on conflict (installation_id, installation_date) do update set serial_number = excluded.serial_number, is_refurb = excluded.is_refurb, removal_date = excluded.removal_date, failure_mode = excluded.failure_mode, failure_notes = excluded.failure_notes, active_runtime_minutes = greatest(public.part_lifecycle.active_runtime_minutes, excluded.active_runtime_minutes);
insert into public.part_lifecycle (installation_id, serial_number, is_refurb, installation_date, removal_date, failure_mode, failure_notes, active_runtime_minutes) values ('0938_LC1', 'X8223-E1-8187', FALSE, '2025-06-20T00:00:00+00:00', '2025-08-15T00:00:00+00:00', 'normal wear', 'Annual PM', 4000) on conflict (installation_id, installation_date) do update set serial_number = excluded.serial_number, is_refurb = excluded.is_refurb, removal_date = excluded.removal_date, failure_mode = excluded.failure_mode, failure_notes = excluded.failure_notes, active_runtime_minutes = greatest(public.part_lifecycle.active_runtime_minutes, excluded.active_runtime_minutes);
insert into public.part_lifecycle (installation_id, serial_number, is_refurb, installation_date, removal_date, failure_mode, failure_notes, active_runtime_minutes) values ('0938_RC5', 'nan', FALSE, '2025-08-26T00:00:00+00:00', '2025-10-24T00:00:00+00:00', 'fracture (body)', NULL, 6000) on conflict (installation_id, installation_date) do update set serial_number = excluded.serial_number, is_refurb = excluded.is_refurb, removal_date = excluded.removal_date, failure_mode = excluded.failure_mode, failure_notes = excluded.failure_notes, active_runtime_minutes = greatest(public.part_lifecycle.active_runtime_minutes, excluded.active_runtime_minutes);
insert into public.part_lifecycle (installation_id, serial_number, is_refurb, installation_date, removal_date, failure_mode, failure_notes, active_runtime_minutes) values ('0938_RC3', 'Y4024-E1-8712', FALSE, '2025-10-24T00:00:00+00:00', '2026-01-16T00:00:00+00:00', 'other', 'Gland nut bound to stem', 2800) on conflict (installation_id, installation_date) do update set serial_number = excluded.serial_number, is_refurb = excluded.is_refurb, removal_date = excluded.removal_date, failure_mode = excluded.failure_mode, failure_notes = excluded.failure_notes, active_runtime_minutes = greatest(public.part_lifecycle.active_runtime_minutes, excluded.active_runtime_minutes);
insert into public.part_lifecycle (installation_id, serial_number, is_refurb, installation_date, removal_date, failure_mode, failure_notes, active_runtime_minutes) values ('0938_RC2', 'Z1825-E1-9218', FALSE, '2026-04-17T00:00:00+00:00', NULL, NULL, NULL, 0) on conflict (installation_id, installation_date) do update set serial_number = excluded.serial_number, is_refurb = excluded.is_refurb, removal_date = excluded.removal_date, failure_mode = excluded.failure_mode, failure_notes = excluded.failure_notes, active_runtime_minutes = greatest(public.part_lifecycle.active_runtime_minutes, excluded.active_runtime_minutes);
insert into public.part_lifecycle (installation_id, serial_number, is_refurb, installation_date, removal_date, failure_mode, failure_notes, active_runtime_minutes) values ('0938_RC2', 'Z1825-E1-9216', FALSE, '2026-04-30T00:00:00+00:00', NULL, NULL, NULL, 0) on conflict (installation_id, installation_date) do update set serial_number = excluded.serial_number, is_refurb = excluded.is_refurb, removal_date = excluded.removal_date, failure_mode = excluded.failure_mode, failure_notes = excluded.failure_notes, active_runtime_minutes = greatest(public.part_lifecycle.active_runtime_minutes, excluded.active_runtime_minutes);
insert into public.part_lifecycle (installation_id, serial_number, is_refurb, installation_date, removal_date, failure_mode, failure_notes, active_runtime_minutes) values ('0091_RC2', '%3210-E-9144', FALSE, '2026-01-09T00:00:00+00:00', NULL, NULL, NULL, 0) on conflict (installation_id, installation_date) do update set serial_number = excluded.serial_number, is_refurb = excluded.is_refurb, removal_date = excluded.removal_date, failure_mode = excluded.failure_mode, failure_notes = excluded.failure_notes, active_runtime_minutes = greatest(public.part_lifecycle.active_runtime_minutes, excluded.active_runtime_minutes);
insert into public.part_lifecycle (installation_id, serial_number, is_refurb, installation_date, removal_date, failure_mode, failure_notes, active_runtime_minutes) values ('0091_RC2', 'X7423-E5-8297', FALSE, '2025-10-20T00:00:00+00:00', NULL, NULL, NULL, 0) on conflict (installation_id, installation_date) do update set serial_number = excluded.serial_number, is_refurb = excluded.is_refurb, removal_date = excluded.removal_date, failure_mode = excluded.failure_mode, failure_notes = excluded.failure_notes, active_runtime_minutes = greatest(public.part_lifecycle.active_runtime_minutes, excluded.active_runtime_minutes);
insert into public.part_lifecycle (installation_id, serial_number, is_refurb, installation_date, removal_date, failure_mode, failure_notes, active_runtime_minutes) values ('0091_H1', 'W4022-E3-6881-E4-7146', FALSE, '2026-01-29T00:00:00+00:00', '2026-02-16T00:00:00+00:00', 'fracture (port)', 'Port on the high pressure plug fractured. Was a refurb, actual run time longer than displayed value', 1600) on conflict (installation_id, installation_date) do update set serial_number = excluded.serial_number, is_refurb = excluded.is_refurb, removal_date = excluded.removal_date, failure_mode = excluded.failure_mode, failure_notes = excluded.failure_notes, active_runtime_minutes = greatest(public.part_lifecycle.active_runtime_minutes, excluded.active_runtime_minutes);
insert into public.part_lifecycle (installation_id, serial_number, is_refurb, installation_date, removal_date, failure_mode, failure_notes, active_runtime_minutes) values ('0091_MC2', '%3210-E-9141', FALSE, '2026-01-09T00:00:00+00:00', '2026-04-28T00:00:00+00:00', 'fracture (body)', 'Middle and left got swapped at some point. This fractured as a left tee.', 0) on conflict (installation_id, installation_date) do update set serial_number = excluded.serial_number, is_refurb = excluded.is_refurb, removal_date = excluded.removal_date, failure_mode = excluded.failure_mode, failure_notes = excluded.failure_notes, active_runtime_minutes = greatest(public.part_lifecycle.active_runtime_minutes, excluded.active_runtime_minutes);
insert into public.part_lifecycle (installation_id, serial_number, is_refurb, installation_date, removal_date, failure_mode, failure_notes, active_runtime_minutes) values ('0091_LC2', '%3210-E-9143', FALSE, '2026-01-09T00:00:00+00:00', '2026-04-14T00:00:00+00:00', 'fracture (body)', 'First autoclave tee fracture', 8400) on conflict (installation_id, installation_date) do update set serial_number = excluded.serial_number, is_refurb = excluded.is_refurb, removal_date = excluded.removal_date, failure_mode = excluded.failure_mode, failure_notes = excluded.failure_notes, active_runtime_minutes = greatest(public.part_lifecycle.active_runtime_minutes, excluded.active_runtime_minutes);
insert into public.part_lifecycle (installation_id, serial_number, is_refurb, installation_date, removal_date, failure_mode, failure_notes, active_runtime_minutes) values ('0091_RC1', 'Y4024-E1-8730', FALSE, '2025-09-10T00:00:00+00:00', '2025-10-28T00:00:00+00:00', 'fracture (body)', 'Major fracture from inside surface leading to weephole on opposite side of body??', 4800) on conflict (installation_id, installation_date) do update set serial_number = excluded.serial_number, is_refurb = excluded.is_refurb, removal_date = excluded.removal_date, failure_mode = excluded.failure_mode, failure_notes = excluded.failure_notes, active_runtime_minutes = greatest(public.part_lifecycle.active_runtime_minutes, excluded.active_runtime_minutes);
insert into public.part_lifecycle (installation_id, serial_number, is_refurb, installation_date, removal_date, failure_mode, failure_notes, active_runtime_minutes) values ('0091_LC2', 'X7423-E4-8289', FALSE, '2025-10-31T00:00:00+00:00', '2026-01-08T00:00:00+00:00', 'other', 'No failure: tee replaced with Autoclave design during annual PM', 2000) on conflict (installation_id, installation_date) do update set serial_number = excluded.serial_number, is_refurb = excluded.is_refurb, removal_date = excluded.removal_date, failure_mode = excluded.failure_mode, failure_notes = excluded.failure_notes, active_runtime_minutes = greatest(public.part_lifecycle.active_runtime_minutes, excluded.active_runtime_minutes);
insert into public.part_lifecycle (installation_id, serial_number, is_refurb, installation_date, removal_date, failure_mode, failure_notes, active_runtime_minutes) values ('0091_MC2', 'X7423-E5-8295', FALSE, '2025-11-12T00:00:00+00:00', '2026-01-08T00:00:00+00:00', 'other', 'Being replaced with autoclave. May have failed though, was filled with emulsion (dried). Weephole was filled', 800) on conflict (installation_id, installation_date) do update set serial_number = excluded.serial_number, is_refurb = excluded.is_refurb, removal_date = excluded.removal_date, failure_mode = excluded.failure_mode, failure_notes = excluded.failure_notes, active_runtime_minutes = greatest(public.part_lifecycle.active_runtime_minutes, excluded.active_runtime_minutes);
insert into public.part_lifecycle (installation_id, serial_number, is_refurb, installation_date, removal_date, failure_mode, failure_notes, active_runtime_minutes) values ('0938_RC5', 'nan', FALSE, '2025-10-24T00:00:00+00:00', NULL, NULL, NULL, 0) on conflict (installation_id, installation_date) do update set serial_number = excluded.serial_number, is_refurb = excluded.is_refurb, removal_date = excluded.removal_date, failure_mode = excluded.failure_mode, failure_notes = excluded.failure_notes, active_runtime_minutes = greatest(public.part_lifecycle.active_runtime_minutes, excluded.active_runtime_minutes);
insert into public.part_lifecycle (installation_id, serial_number, is_refurb, installation_date, removal_date, failure_mode, failure_notes, active_runtime_minutes) values ('0091_MC2', 'X7423-E5-8293', FALSE, '2025-10-07T00:00:00+00:00', '2025-11-12T00:00:00+00:00', 'unknown', 'Used part at time of installation (replaced by autoclave tees)', 4000) on conflict (installation_id, installation_date) do update set serial_number = excluded.serial_number, is_refurb = excluded.is_refurb, removal_date = excluded.removal_date, failure_mode = excluded.failure_mode, failure_notes = excluded.failure_notes, active_runtime_minutes = greatest(public.part_lifecycle.active_runtime_minutes, excluded.active_runtime_minutes);
insert into public.part_lifecycle (installation_id, serial_number, is_refurb, installation_date, removal_date, failure_mode, failure_notes, active_runtime_minutes) values ('0091_LC2', 'Y3324-E4-8736', FALSE, '2025-09-23T00:00:00+00:00', '2025-10-31T00:00:00+00:00', NULL, NULL, 4400) on conflict (installation_id, installation_date) do update set serial_number = excluded.serial_number, is_refurb = excluded.is_refurb, removal_date = excluded.removal_date, failure_mode = excluded.failure_mode, failure_notes = excluded.failure_notes, active_runtime_minutes = greatest(public.part_lifecycle.active_runtime_minutes, excluded.active_runtime_minutes);
insert into public.part_lifecycle (installation_id, serial_number, is_refurb, installation_date, removal_date, failure_mode, failure_notes, active_runtime_minutes) values ('0938_MC5', 'nan', FALSE, '2025-11-03T00:00:00+00:00', NULL, NULL, NULL, 0) on conflict (installation_id, installation_date) do update set serial_number = excluded.serial_number, is_refurb = excluded.is_refurb, removal_date = excluded.removal_date, failure_mode = excluded.failure_mode, failure_notes = excluded.failure_notes, active_runtime_minutes = greatest(public.part_lifecycle.active_runtime_minutes, excluded.active_runtime_minutes);
insert into public.part_lifecycle (installation_id, serial_number, is_refurb, installation_date, removal_date, failure_mode, failure_notes, active_runtime_minutes) values ('0091_RC2', 'Y3324-E4-8733', FALSE, '2025-08-18T00:00:00+00:00', '2025-10-20T00:00:00+00:00', NULL, NULL, 6000) on conflict (installation_id, installation_date) do update set serial_number = excluded.serial_number, is_refurb = excluded.is_refurb, removal_date = excluded.removal_date, failure_mode = excluded.failure_mode, failure_notes = excluded.failure_notes, active_runtime_minutes = greatest(public.part_lifecycle.active_runtime_minutes, excluded.active_runtime_minutes);
insert into public.part_lifecycle (installation_id, serial_number, is_refurb, installation_date, removal_date, failure_mode, failure_notes, active_runtime_minutes) values ('0091_RC1', 'Y4024-E1-8730', FALSE, '2025-10-28T00:00:00+00:00', '2026-01-08T00:00:00+00:00', 'normal wear', 'Replaced during annual PM', 2400) on conflict (installation_id, installation_date) do update set serial_number = excluded.serial_number, is_refurb = excluded.is_refurb, removal_date = excluded.removal_date, failure_mode = excluded.failure_mode, failure_notes = excluded.failure_notes, active_runtime_minutes = greatest(public.part_lifecycle.active_runtime_minutes, excluded.active_runtime_minutes);
insert into public.part_lifecycle (installation_id, serial_number, is_refurb, installation_date, removal_date, failure_mode, failure_notes, active_runtime_minutes) values ('0091_MC2', 'X7423-E4-8285', FALSE, '2025-09-23T00:00:00+00:00', '2025-10-07T00:00:00+00:00', NULL, NULL, 2000) on conflict (installation_id, installation_date) do update set serial_number = excluded.serial_number, is_refurb = excluded.is_refurb, removal_date = excluded.removal_date, failure_mode = excluded.failure_mode, failure_notes = excluded.failure_notes, active_runtime_minutes = greatest(public.part_lifecycle.active_runtime_minutes, excluded.active_runtime_minutes);
insert into public.part_lifecycle (installation_id, serial_number, is_refurb, installation_date, removal_date, failure_mode, failure_notes, active_runtime_minutes) values ('0198_MC3', 'W4222-E2-7022', FALSE, '2025-07-07T00:00:00+00:00', NULL, NULL, 'Used part at time of installation', 0) on conflict (installation_id, installation_date) do update set serial_number = excluded.serial_number, is_refurb = excluded.is_refurb, removal_date = excluded.removal_date, failure_mode = excluded.failure_mode, failure_notes = excluded.failure_notes, active_runtime_minutes = greatest(public.part_lifecycle.active_runtime_minutes, excluded.active_runtime_minutes);
insert into public.part_lifecycle (installation_id, serial_number, is_refurb, installation_date, removal_date, failure_mode, failure_notes, active_runtime_minutes) values ('0091_LP1', 'CT145-016-8028', FALSE, '2026-01-09T00:00:00+00:00', NULL, NULL, NULL, 0) on conflict (installation_id, installation_date) do update set serial_number = excluded.serial_number, is_refurb = excluded.is_refurb, removal_date = excluded.removal_date, failure_mode = excluded.failure_mode, failure_notes = excluded.failure_notes, active_runtime_minutes = greatest(public.part_lifecycle.active_runtime_minutes, excluded.active_runtime_minutes);
insert into public.part_lifecycle (installation_id, serial_number, is_refurb, installation_date, removal_date, failure_mode, failure_notes, active_runtime_minutes) values ('0091_LC1', 'Y4024-E1-8724', FALSE, '2025-08-18T00:00:00+00:00', NULL, NULL, NULL, 0) on conflict (installation_id, installation_date) do update set serial_number = excluded.serial_number, is_refurb = excluded.is_refurb, removal_date = excluded.removal_date, failure_mode = excluded.failure_mode, failure_notes = excluded.failure_notes, active_runtime_minutes = greatest(public.part_lifecycle.active_runtime_minutes, excluded.active_runtime_minutes);
insert into public.part_lifecycle (installation_id, serial_number, is_refurb, installation_date, removal_date, failure_mode, failure_notes, active_runtime_minutes) values ('0091_LC2', 'X7423-E4-8290', FALSE, '2025-08-18T00:00:00+00:00', '2025-09-23T00:00:00+00:00', 'fracture (port)', NULL, 3200) on conflict (installation_id, installation_date) do update set serial_number = excluded.serial_number, is_refurb = excluded.is_refurb, removal_date = excluded.removal_date, failure_mode = excluded.failure_mode, failure_notes = excluded.failure_notes, active_runtime_minutes = greatest(public.part_lifecycle.active_runtime_minutes, excluded.active_runtime_minutes);
insert into public.part_lifecycle (installation_id, serial_number, is_refurb, installation_date, removal_date, failure_mode, failure_notes, active_runtime_minutes) values ('0091_MP1', 'CT145-019-8031', FALSE, '2026-01-09T00:00:00+00:00', NULL, NULL, NULL, 0) on conflict (installation_id, installation_date) do update set serial_number = excluded.serial_number, is_refurb = excluded.is_refurb, removal_date = excluded.removal_date, failure_mode = excluded.failure_mode, failure_notes = excluded.failure_notes, active_runtime_minutes = greatest(public.part_lifecycle.active_runtime_minutes, excluded.active_runtime_minutes);
insert into public.part_lifecycle (installation_id, serial_number, is_refurb, installation_date, removal_date, failure_mode, failure_notes, active_runtime_minutes) values ('0091_LC3', 'Q7617-E1-5149', FALSE, '2026-01-09T00:00:00+00:00', NULL, NULL, NULL, 0) on conflict (installation_id, installation_date) do update set serial_number = excluded.serial_number, is_refurb = excluded.is_refurb, removal_date = excluded.removal_date, failure_mode = excluded.failure_mode, failure_notes = excluded.failure_notes, active_runtime_minutes = greatest(public.part_lifecycle.active_runtime_minutes, excluded.active_runtime_minutes);
insert into public.part_lifecycle (installation_id, serial_number, is_refurb, installation_date, removal_date, failure_mode, failure_notes, active_runtime_minutes) values ('0091_MC2', 'X7423-E2-8324', FALSE, '2025-08-29T00:00:00+00:00', '2025-09-23T00:00:00+00:00', NULL, NULL, 2400) on conflict (installation_id, installation_date) do update set serial_number = excluded.serial_number, is_refurb = excluded.is_refurb, removal_date = excluded.removal_date, failure_mode = excluded.failure_mode, failure_notes = excluded.failure_notes, active_runtime_minutes = greatest(public.part_lifecycle.active_runtime_minutes, excluded.active_runtime_minutes);
insert into public.part_lifecycle (installation_id, serial_number, is_refurb, installation_date, removal_date, failure_mode, failure_notes, active_runtime_minutes) values ('0091_MC1', 'Y4024-E1-8714', FALSE, '2026-01-09T00:00:00+00:00', NULL, NULL, NULL, 0) on conflict (installation_id, installation_date) do update set serial_number = excluded.serial_number, is_refurb = excluded.is_refurb, removal_date = excluded.removal_date, failure_mode = excluded.failure_mode, failure_notes = excluded.failure_notes, active_runtime_minutes = greatest(public.part_lifecycle.active_runtime_minutes, excluded.active_runtime_minutes);
insert into public.part_lifecycle (installation_id, serial_number, is_refurb, installation_date, removal_date, failure_mode, failure_notes, active_runtime_minutes) values ('0091_RP1', 'CT141-146-7344-8631', FALSE, '2026-01-09T00:00:00+00:00', NULL, NULL, NULL, 0) on conflict (installation_id, installation_date) do update set serial_number = excluded.serial_number, is_refurb = excluded.is_refurb, removal_date = excluded.removal_date, failure_mode = excluded.failure_mode, failure_notes = excluded.failure_notes, active_runtime_minutes = greatest(public.part_lifecycle.active_runtime_minutes, excluded.active_runtime_minutes);
insert into public.part_lifecycle (installation_id, serial_number, is_refurb, installation_date, removal_date, failure_mode, failure_notes, active_runtime_minutes) values ('0091_MC2', 'Y3324-E4-8738', FALSE, '2025-08-14T00:00:00+00:00', '2025-08-29T00:00:00+00:00', 'fracture (port)', NULL, 1600) on conflict (installation_id, installation_date) do update set serial_number = excluded.serial_number, is_refurb = excluded.is_refurb, removal_date = excluded.removal_date, failure_mode = excluded.failure_mode, failure_notes = excluded.failure_notes, active_runtime_minutes = greatest(public.part_lifecycle.active_runtime_minutes, excluded.active_runtime_minutes);
insert into public.part_lifecycle (installation_id, serial_number, is_refurb, installation_date, removal_date, failure_mode, failure_notes, active_runtime_minutes) values ('0091_RC1', 'Y4024-E1-8723', FALSE, '2026-01-09T00:00:00+00:00', NULL, NULL, NULL, 0) on conflict (installation_id, installation_date) do update set serial_number = excluded.serial_number, is_refurb = excluded.is_refurb, removal_date = excluded.removal_date, failure_mode = excluded.failure_mode, failure_notes = excluded.failure_notes, active_runtime_minutes = greatest(public.part_lifecycle.active_runtime_minutes, excluded.active_runtime_minutes);
insert into public.part_lifecycle (installation_id, serial_number, is_refurb, installation_date, removal_date, failure_mode, failure_notes, active_runtime_minutes) values ('0091_H2', 'CT131-056-V2020-E1-5815-8615', FALSE, '2026-01-29T00:00:00+00:00', NULL, NULL, NULL, 0) on conflict (installation_id, installation_date) do update set serial_number = excluded.serial_number, is_refurb = excluded.is_refurb, removal_date = excluded.removal_date, failure_mode = excluded.failure_mode, failure_notes = excluded.failure_notes, active_runtime_minutes = greatest(public.part_lifecycle.active_runtime_minutes, excluded.active_runtime_minutes);
insert into public.part_lifecycle (installation_id, serial_number, is_refurb, installation_date, removal_date, failure_mode, failure_notes, active_runtime_minutes) values ('0198_RP3', 'K3613-E1-XXXX', FALSE, '2025-05-08T00:00:00+00:00', NULL, NULL, NULL, 0) on conflict (installation_id, installation_date) do update set serial_number = excluded.serial_number, is_refurb = excluded.is_refurb, removal_date = excluded.removal_date, failure_mode = excluded.failure_mode, failure_notes = excluded.failure_notes, active_runtime_minutes = greatest(public.part_lifecycle.active_runtime_minutes, excluded.active_runtime_minutes);
insert into public.part_lifecycle (installation_id, serial_number, is_refurb, installation_date, removal_date, failure_mode, failure_notes, active_runtime_minutes) values ('0091_LC2', 'Y3324-E4-8737', FALSE, '2025-07-15T00:00:00+00:00', '2025-08-18T00:00:00+00:00', 'fracture (port)', NULL, 3600) on conflict (installation_id, installation_date) do update set serial_number = excluded.serial_number, is_refurb = excluded.is_refurb, removal_date = excluded.removal_date, failure_mode = excluded.failure_mode, failure_notes = excluded.failure_notes, active_runtime_minutes = greatest(public.part_lifecycle.active_runtime_minutes, excluded.active_runtime_minutes);
insert into public.part_lifecycle (installation_id, serial_number, is_refurb, installation_date, removal_date, failure_mode, failure_notes, active_runtime_minutes) values ('0091_LC4', 'Y4624-E4-8741', FALSE, '2025-07-22T00:00:00+00:00', '2026-01-09T00:00:00+00:00', 'normal wear', NULL, 11600) on conflict (installation_id, installation_date) do update set serial_number = excluded.serial_number, is_refurb = excluded.is_refurb, removal_date = excluded.removal_date, failure_mode = excluded.failure_mode, failure_notes = excluded.failure_notes, active_runtime_minutes = greatest(public.part_lifecycle.active_runtime_minutes, excluded.active_runtime_minutes);
insert into public.part_lifecycle (installation_id, serial_number, is_refurb, installation_date, removal_date, failure_mode, failure_notes, active_runtime_minutes) values ('0091_RC4', 'X9324-E3-8200', FALSE, '2025-06-27T00:00:00+00:00', '2026-01-09T00:00:00+00:00', 'normal wear', NULL, 12400) on conflict (installation_id, installation_date) do update set serial_number = excluded.serial_number, is_refurb = excluded.is_refurb, removal_date = excluded.removal_date, failure_mode = excluded.failure_mode, failure_notes = excluded.failure_notes, active_runtime_minutes = greatest(public.part_lifecycle.active_runtime_minutes, excluded.active_runtime_minutes);
insert into public.part_lifecycle (installation_id, serial_number, is_refurb, installation_date, removal_date, failure_mode, failure_notes, active_runtime_minutes) values ('0091_RC2', 'Y3324-E4-8735', FALSE, '2025-07-22T00:00:00+00:00', '2025-08-18T00:00:00+00:00', 'fracture (port)', NULL, 2800) on conflict (installation_id, installation_date) do update set serial_number = excluded.serial_number, is_refurb = excluded.is_refurb, removal_date = excluded.removal_date, failure_mode = excluded.failure_mode, failure_notes = excluded.failure_notes, active_runtime_minutes = greatest(public.part_lifecycle.active_runtime_minutes, excluded.active_runtime_minutes);
insert into public.part_lifecycle (installation_id, serial_number, is_refurb, installation_date, removal_date, failure_mode, failure_notes, active_runtime_minutes) values ('0091_MC2', 'Y3324-E4-8734', FALSE, '2025-07-22T00:00:00+00:00', '2025-08-14T00:00:00+00:00', 'fracture (port)', 'Looked like this fracture might be on the port to the pump body', 2400) on conflict (installation_id, installation_date) do update set serial_number = excluded.serial_number, is_refurb = excluded.is_refurb, removal_date = excluded.removal_date, failure_mode = excluded.failure_mode, failure_notes = excluded.failure_notes, active_runtime_minutes = greatest(public.part_lifecycle.active_runtime_minutes, excluded.active_runtime_minutes);
insert into public.part_lifecycle (installation_id, serial_number, is_refurb, installation_date, removal_date, failure_mode, failure_notes, active_runtime_minutes) values ('0091_RC2', 'X7423-E5-8296', FALSE, '2025-06-23T00:00:00+00:00', '2025-07-22T00:00:00+00:00', 'unknown', 'Leaked from middle weephole, occurred at same time as left inlet check valve body fracture', 2000) on conflict (installation_id, installation_date) do update set serial_number = excluded.serial_number, is_refurb = excluded.is_refurb, removal_date = excluded.removal_date, failure_mode = excluded.failure_mode, failure_notes = excluded.failure_notes, active_runtime_minutes = greatest(public.part_lifecycle.active_runtime_minutes, excluded.active_runtime_minutes);
insert into public.part_lifecycle (installation_id, serial_number, is_refurb, installation_date, removal_date, failure_mode, failure_notes, active_runtime_minutes) values ('0091_LC2', 'X7423-E4-8287', FALSE, '2025-05-29T00:00:00+00:00', '2025-07-15T00:00:00+00:00', 'scratches', NULL, 3200) on conflict (installation_id, installation_date) do update set serial_number = excluded.serial_number, is_refurb = excluded.is_refurb, removal_date = excluded.removal_date, failure_mode = excluded.failure_mode, failure_notes = excluded.failure_notes, active_runtime_minutes = greatest(public.part_lifecycle.active_runtime_minutes, excluded.active_runtime_minutes);
insert into public.part_lifecycle (installation_id, serial_number, is_refurb, installation_date, removal_date, failure_mode, failure_notes, active_runtime_minutes) values ('0198_MC2', 'T1418-E4-5147', FALSE, '2025-05-08T00:00:00+00:00', '2025-07-15T00:00:00+00:00', 'other', 'Part removed from 0198 and sitting in toolbox', 0) on conflict (installation_id, installation_date) do update set serial_number = excluded.serial_number, is_refurb = excluded.is_refurb, removal_date = excluded.removal_date, failure_mode = excluded.failure_mode, failure_notes = excluded.failure_notes, active_runtime_minutes = greatest(public.part_lifecycle.active_runtime_minutes, excluded.active_runtime_minutes);
insert into public.part_lifecycle (installation_id, serial_number, is_refurb, installation_date, removal_date, failure_mode, failure_notes, active_runtime_minutes) values ('0091_RC2', 'X7423-E5-8292', FALSE, '2025-05-05T00:00:00+00:00', '2025-06-23T00:00:00+00:00', 'unknown', NULL, 4400) on conflict (installation_id, installation_date) do update set serial_number = excluded.serial_number, is_refurb = excluded.is_refurb, removal_date = excluded.removal_date, failure_mode = excluded.failure_mode, failure_notes = excluded.failure_notes, active_runtime_minutes = greatest(public.part_lifecycle.active_runtime_minutes, excluded.active_runtime_minutes);
insert into public.part_lifecycle (installation_id, serial_number, is_refurb, installation_date, removal_date, failure_mode, failure_notes, active_runtime_minutes) values ('0938_LP3', 'X7223-E1-8227', FALSE, '2025-06-03T00:00:00+00:00', NULL, NULL, NULL, 0) on conflict (installation_id, installation_date) do update set serial_number = excluded.serial_number, is_refurb = excluded.is_refurb, removal_date = excluded.removal_date, failure_mode = excluded.failure_mode, failure_notes = excluded.failure_notes, active_runtime_minutes = greatest(public.part_lifecycle.active_runtime_minutes, excluded.active_runtime_minutes);
insert into public.part_lifecycle (installation_id, serial_number, is_refurb, installation_date, removal_date, failure_mode, failure_notes, active_runtime_minutes) values ('0091_RC3', 'Y4024-E1-8726', FALSE, '2026-01-09T00:00:00+00:00', NULL, NULL, NULL, 0) on conflict (installation_id, installation_date) do update set serial_number = excluded.serial_number, is_refurb = excluded.is_refurb, removal_date = excluded.removal_date, failure_mode = excluded.failure_mode, failure_notes = excluded.failure_notes, active_runtime_minutes = greatest(public.part_lifecycle.active_runtime_minutes, excluded.active_runtime_minutes);
insert into public.part_lifecycle (installation_id, serial_number, is_refurb, installation_date, removal_date, failure_mode, failure_notes, active_runtime_minutes) values ('0938_H1', 'W4022-E3-7107', FALSE, '2025-06-23T00:00:00+00:00', NULL, NULL, NULL, 0) on conflict (installation_id, installation_date) do update set serial_number = excluded.serial_number, is_refurb = excluded.is_refurb, removal_date = excluded.removal_date, failure_mode = excluded.failure_mode, failure_notes = excluded.failure_notes, active_runtime_minutes = greatest(public.part_lifecycle.active_runtime_minutes, excluded.active_runtime_minutes);
insert into public.part_lifecycle (installation_id, serial_number, is_refurb, installation_date, removal_date, failure_mode, failure_notes, active_runtime_minutes) values ('0198_H1', 'X1822-E1-7613-8607', FALSE, '2025-07-07T00:00:00+00:00', NULL, NULL, NULL, 0) on conflict (installation_id, installation_date) do update set serial_number = excluded.serial_number, is_refurb = excluded.is_refurb, removal_date = excluded.removal_date, failure_mode = excluded.failure_mode, failure_notes = excluded.failure_notes, active_runtime_minutes = greatest(public.part_lifecycle.active_runtime_minutes, excluded.active_runtime_minutes);
insert into public.part_lifecycle (installation_id, serial_number, is_refurb, installation_date, removal_date, failure_mode, failure_notes, active_runtime_minutes) values ('0091_H1', '?', FALSE, '2026-02-16T00:00:00+00:00', NULL, NULL, NULL, 0) on conflict (installation_id, installation_date) do update set serial_number = excluded.serial_number, is_refurb = excluded.is_refurb, removal_date = excluded.removal_date, failure_mode = excluded.failure_mode, failure_notes = excluded.failure_notes, active_runtime_minutes = greatest(public.part_lifecycle.active_runtime_minutes, excluded.active_runtime_minutes);
insert into public.part_lifecycle (installation_id, serial_number, is_refurb, installation_date, removal_date, failure_mode, failure_notes, active_runtime_minutes) values ('0938_H1', 'X9624-E3-8298', FALSE, '2026-03-13T00:00:00+00:00', NULL, NULL, 'NOTE: this was previously in use on 0091, pulled for evaluation of scratches. Search above for combined run time', 0) on conflict (installation_id, installation_date) do update set serial_number = excluded.serial_number, is_refurb = excluded.is_refurb, removal_date = excluded.removal_date, failure_mode = excluded.failure_mode, failure_notes = excluded.failure_notes, active_runtime_minutes = greatest(public.part_lifecycle.active_runtime_minutes, excluded.active_runtime_minutes);
insert into public.part_lifecycle (installation_id, serial_number, is_refurb, installation_date, removal_date, failure_mode, failure_notes, active_runtime_minutes) values ('0091_MC2', '%3210-E-9140', FALSE, '2026-04-14T00:00:00+00:00', NULL, NULL, NULL, 0) on conflict (installation_id, installation_date) do update set serial_number = excluded.serial_number, is_refurb = excluded.is_refurb, removal_date = excluded.removal_date, failure_mode = excluded.failure_mode, failure_notes = excluded.failure_notes, active_runtime_minutes = greatest(public.part_lifecycle.active_runtime_minutes, excluded.active_runtime_minutes);
insert into public.part_lifecycle (installation_id, serial_number, is_refurb, installation_date, removal_date, failure_mode, failure_notes, active_runtime_minutes) values ('0091_LC2', '%3210-E-9142', FALSE, '2026-04-28T00:00:00+00:00', NULL, NULL, NULL, 0) on conflict (installation_id, installation_date) do update set serial_number = excluded.serial_number, is_refurb = excluded.is_refurb, removal_date = excluded.removal_date, failure_mode = excluded.failure_mode, failure_notes = excluded.failure_notes, active_runtime_minutes = greatest(public.part_lifecycle.active_runtime_minutes, excluded.active_runtime_minutes);
insert into public.part_lifecycle (installation_id, serial_number, is_refurb, installation_date, removal_date, failure_mode, failure_notes, active_runtime_minutes) values ('0198_LC2', 'X3623-E2-7599', FALSE, '2025-05-08T00:00:00+00:00', NULL, NULL, NULL, 0) on conflict (installation_id, installation_date) do update set serial_number = excluded.serial_number, is_refurb = excluded.is_refurb, removal_date = excluded.removal_date, failure_mode = excluded.failure_mode, failure_notes = excluded.failure_notes, active_runtime_minutes = greatest(public.part_lifecycle.active_runtime_minutes, excluded.active_runtime_minutes);
insert into public.part_lifecycle (installation_id, serial_number, is_refurb, installation_date, removal_date, failure_mode, failure_notes, active_runtime_minutes) values ('0198_RC2', 'X7423-E5-8294', FALSE, '2025-05-08T00:00:00+00:00', NULL, NULL, NULL, 0) on conflict (installation_id, installation_date) do update set serial_number = excluded.serial_number, is_refurb = excluded.is_refurb, removal_date = excluded.removal_date, failure_mode = excluded.failure_mode, failure_notes = excluded.failure_notes, active_runtime_minutes = greatest(public.part_lifecycle.active_runtime_minutes, excluded.active_runtime_minutes);
insert into public.part_lifecycle (installation_id, serial_number, is_refurb, installation_date, removal_date, failure_mode, failure_notes, active_runtime_minutes) values ('0198_MC2', 'W7422-E3-7035', FALSE, '2025-07-07T00:00:00+00:00', NULL, NULL, 'Used part at time of installation', 0) on conflict (installation_id, installation_date) do update set serial_number = excluded.serial_number, is_refurb = excluded.is_refurb, removal_date = excluded.removal_date, failure_mode = excluded.failure_mode, failure_notes = excluded.failure_notes, active_runtime_minutes = greatest(public.part_lifecycle.active_runtime_minutes, excluded.active_runtime_minutes);

commit;
